query_id,source_row,query,platform,search_url,screenshot_path,status,page_status,consent_detected,captcha_detected,attempt_count,started_at,completed_at,duration_ms,error_type,error_message,collector_version,input_sha256
V001,1,玩具,google_images,https://www.google.com/search?tbm=isch&q=%E7%8E%A9%E5%85%B7&hl=en,screenshots/V001__query.jpg,success,200,false,false,1,2026-08-01T14:58:42.010Z,2026-08-01T14:58:51.116Z,9106,,,google-images-326-local-v1.1.0,d8ae0f4ef77567b4dcf8f15635b11c140810c3b991a8134a99997e11ad6a1d9e
V002,2,toy,google_images,https://www.google.com/search?tbm=isch&q=toy&hl=en,screenshots/V002__toy.jpg,success,200,false,false,1,2026-08-01T15:13:13.835Z,2026-08-01T15:13:23.255Z,9420,,,google-images-326-local-v1.1.0,d8ae0f4ef77567b4dcf8f15635b11c140810c3b991a8134a99997e11ad6a1d9e
V003,3,手办,google_images,https://www.google.com/search?tbm=isch&q=%E6%89%8B%E5%8A%9E&hl=en,screenshots/V003__query.jpg,success,200,false,false,1,2026-08-01T15:13:33.790Z,2026-08-01T15:13:42.301Z,8511,,,google-images-326-local-v1.1.0,d8ae0f4ef77567b4dcf8f15635b11c140810c3b991a8134a99997e11ad6a1d9e
V004,4,figure,google_images,https://www.google.com/search?tbm=isch&q=figure&hl=en,screenshots/V004__figure.jpg,success,200,false,false,1,2026-08-01T15:13:53.285Z,2026-08-01T15:14:02.006Z,8721,,,google-images-326-local-v1.1.0,d8ae0f4ef77567b4dcf8f15635b11c140810c3b991a8134a99997e11ad6a1d9e
V005,5,毛绒玩具,google_images,https://www.google.com/search?tbm=isch&q=%E6%AF%9B%E7%BB%92%E7%8E%A9%E5%85%B7&hl=en,screenshots/V005__query.jpg,success,200,false,false,1,2026-08-01T15:14:13.251Z,2026-08-01T15:14:21.079Z,7828,,,google-images-326-local-v1.1.0,d8ae0f4ef77567b4dcf8f15635b11c140810c3b991a8134a99997e11ad6a1d9e
V006,6,plush,google_images,https://www.google.com/search?tbm=isch&q=plush&hl=en,screenshots/V006__plush.jpg,success,200,false,false,1,2026-08-01T15:14:33.017Z,2026-08-01T15:14:40.909Z,7892,,,google-images-326-local-v1.1.0,d8ae0f4ef77567b4dcf8f15635b11c140810c3b991a8134a99997e11ad6a1d9e
V007,7,娃娃,google_images,https://www.google.com/search?tbm=isch&q=%E5%A8%83%E5%A8%83&hl=en,screenshots/V007__query.jpg,success,200,false,false,1,2026-08-01T15:14:50.890Z,2026-08-01T15:14:57.773Z,6883,,,google-images-326-local-v1.1.0,d8ae0f4ef77567b4dcf8f15635b11c140810c3b991a8134a99997e11ad6a1d9e
V008,8,doll,google_images,https://www.google.com/search?tbm=isch&q=doll&hl=en,screenshots/V008__doll.jpg,success,200,false,false,1,2026-08-01T15:15:10.072Z,2026-08-01T15:15:17.113Z,7041,,,google-images-326-local-v1.1.0,d8ae0f4ef77567b4dcf8f15635b11c140810c3b991a8134a99997e11ad6a1d9e
V009,9,吉祥物,google_images,https://www.google.com/search?tbm=isch&q=%E5%90%89%E7%A5%A5%E7%89%A9&hl=en,screenshots/V009__query.jpg,success,200,false,false,1,2026-08-01T15:15:24.720Z,2026-08-01T15:15:32.136Z,7416,,,google-images-326-local-v1.1.0,d8ae0f4ef77567b4dcf8f15635b11c140810c3b991a8134a99997e11ad6a1d9e
V010,10,mascot,google_images,https://www.google.com/search?tbm=isch&q=mascot&hl=en,screenshots/V010__mascot.jpg,success,200,false,false,1,2026-08-01T15:15:39.654Z,2026-08-01T15:15:47.473Z,7819,,,google-images-326-local-v1.1.0,d8ae0f4ef77567b4dcf8f15635b11c140810c3b991a8134a99997e11ad6a1d9e
V011,11,卡通形象,google_images,https://www.google.com/search?tbm=isch&q=%E5%8D%A1%E9%80%9A%E5%BD%A2%E8%B1%A1&hl=en,screenshots/V011__query.jpg,success,200,false,false,1,2026-08-01T17:57:58.875Z,2026-08-01T17:58:18.003Z,19128,,,google-images-326-local-v1.1.0,d8ae0f4ef77567b4dcf8f15635b11c140810c3b991a8134a99997e11ad6a1d9e
V012,12,character,google_images,https://www.google.com/search?tbm=isch&q=character&hl=en,screenshots/V012__character.jpg,success,200,false,false,1,2026-08-01T17:58:29.913Z,2026-08-01T17:59:20.307Z,50394,,,google-images-326-local-v1.1.0,d8ae0f4ef77567b4dcf8f15635b11c140810c3b991a8134a99997e11ad6a1d9e
V013,13,贴纸,google_images,https://www.google.com/search?tbm=isch&q=%E8%B4%B4%E7%BA%B8&hl=en,screenshots/V013__query.jpg,success,200,false,false,1,2026-08-01T17:59:30.135Z,2026-08-01T17:59:40.900Z,10765,,,google-images-326-local-v1.1.0,d8ae0f4ef77567b4dcf8f15635b11c140810c3b991a8134a99997e11ad6a1d9e
V014,14,sticker,google_images,https://www.google.com/search?tbm=isch&q=sticker&hl=en,screenshots/V014__sticker.jpg,success,200,false,false,1,2026-08-01T17:59:50.348Z,2026-08-01T18:00:02.176Z,11828,,,google-images-326-local-v1.1.0,d8ae0f4ef77567b4dcf8f15635b11c140810c3b991a8134a99997e11ad6a1d9e
V015,15,钥匙扣,google_images,https://www.google.com/search?tbm=isch&q=%E9%92%A5%E5%8C%99%E6%89%A3&hl=en,screenshots/V015__query.jpg,success,200,false,false,1,2026-08-01T18:00:12.520Z,2026-08-01T18:00:19.461Z,6941,,,google-images-326-local-v1.1.0,d8ae0f4ef77567b4dcf8f15635b11c140810c3b991a8134a99997e11ad6a1d9e
V016,16,keychain,google_images,https://www.google.com/search?tbm=isch&q=keychain&hl=en,screenshots/V016__keychain.jpg,success,200,false,false,1,2026-08-01T18:00:26.824Z,2026-08-01T18:00:31.732Z,4908,,,google-images-326-local-v1.1.0,d8ae0f4ef77567b4dcf8f15635b11c140810c3b991a8134a99997e11ad6a1d9e
V017,17,收藏品,google_images,https://www.google.com/search?tbm=isch&q=%E6%94%B6%E8%97%8F%E5%93%81&hl=en,screenshots/V017__query.jpg,success,200,false,false,1,2026-08-01T18:00:43.642Z,2026-08-01T18:00:49.387Z,5745,,,google-images-326-local-v1.1.0,d8ae0f4ef77567b4dcf8f15635b11c140810c3b991a8134a99997e11ad6a1d9e
V018,18,collectible,google_images,https://www.google.com/search?tbm=isch&q=collectible&hl=en,screenshots/V018__collectible.jpg,success,200,false,false,1,2026-08-01T18:00:57.219Z,2026-08-01T18:01:04.353Z,7134,,,google-images-326-local-v1.1.0,d8ae0f4ef77567b4dcf8f15635b11c140810c3b991a8134a99997e11ad6a1d9e
V019,19,盲盒,google_images,https://www.google.com/search?tbm=isch&q=%E7%9B%B2%E7%9B%92&hl=en,screenshots/V019__query.jpg,success,200,false,false,1,2026-08-01T18:01:16.885Z,2026-08-01T18:01:27.848Z,10963,,,google-images-326-local-v1.1.0,d8ae0f4ef77567b4dcf8f15635b11c140810c3b991a8134a99997e11ad6a1d9e
V020,20,blind box,google_images,https://www.google.com/search?tbm=isch&q=blind%20box&hl=en,screenshots/V020__blind-box.jpg,success,200,false,false,1,2026-08-01T18:03:10.693Z,2026-08-01T18:03:17.206Z,6513,,,google-images-326-local-v1.1.0,d8ae0f4ef77567b4dcf8f15635b11c140810c3b991a8134a99997e11ad6a1d9e
V021,21,动作人偶,google_images,https://www.google.com/search?tbm=isch&q=%E5%8A%A8%E4%BD%9C%E4%BA%BA%E5%81%B6&hl=en,screenshots/V021__query.jpg,success,200,false,false,1,2026-08-01T18:03:24.422Z,2026-08-01T18:03:28.356Z,3934,,,google-images-326-local-v1.1.0,d8ae0f4ef77567b4dcf8f15635b11c140810c3b991a8134a99997e11ad6a1d9e
V022,22,action figure,google_images,https://www.google.com/search?tbm=isch&q=action%20figure&hl=en,screenshots/V022__action-figure.jpg,success,200,false,false,1,2026-08-01T18:03:36.423Z,2026-08-01T18:03:40.425Z,4002,,,google-images-326-local-v1.1.0,d8ae0f4ef77567b4dcf8f15635b11c140810c3b991a8134a99997e11ad6a1d9e
V023,23,泰迪熊,google_images,https://www.google.com/search?tbm=isch&q=%E6%B3%B0%E8%BF%AA%E7%86%8A&hl=en,screenshots/V023__query.jpg,success,200,false,false,1,2026-08-01T18:03:49.790Z,2026-08-01T18:03:53.666Z,3876,,,google-images-326-local-v1.1.0,d8ae0f4ef77567b4dcf8f15635b11c140810c3b991a8134a99997e11ad6a1d9e
V024,24,teddy bear,google_images,https://www.google.com/search?tbm=isch&q=teddy%20bear&hl=en,screenshots/V024__teddy-bear.jpg,success,200,false,false,1,2026-08-01T18:04:06.227Z,2026-08-01T18:04:10.254Z,4027,,,google-images-326-local-v1.1.0,d8ae0f4ef77567b4dcf8f15635b11c140810c3b991a8134a99997e11ad6a1d9e
V025,25,扭蛋,google_images,https://www.google.com/search?tbm=isch&q=%E6%89%AD%E8%9B%8B&hl=en,screenshots/V025__query.jpg,success,200,false,false,1,2026-08-01T18:04:21.834Z,2026-08-01T18:04:26.148Z,4314,,,google-images-326-local-v1.1.0,d8ae0f4ef77567b4dcf8f15635b11c140810c3b991a8134a99997e11ad6a1d9e
V026,26,capsule toy,google_images,https://www.google.com/search?tbm=isch&q=capsule%20toy&hl=en,screenshots/V026__capsule-toy.jpg,success,200,false,false,1,2026-08-01T18:04:37.913Z,2026-08-01T18:04:41.969Z,4056,,,google-images-326-local-v1.1.0,d8ae0f4ef77567b4dcf8f15635b11c140810c3b991a8134a99997e11ad6a1d9e
V027,27,卡牌,google_images,https://www.google.com/search?tbm=isch&q=%E5%8D%A1%E7%89%8C&hl=en,screenshots/V027__query.jpg,success,200,false,false,1,2026-08-01T18:04:54.558Z,2026-08-01T18:04:58.722Z,4164,,,google-images-326-local-v1.1.0,d8ae0f4ef77567b4dcf8f15635b11c140810c3b991a8134a99997e11ad6a1d9e
V028,28,trading card,google_images,https://www.google.com/search?tbm=isch&q=trading%20card&hl=en,screenshots/V028__trading-card.jpg,success,200,false,false,1,2026-08-01T18:05:10.424Z,2026-08-01T18:05:15.009Z,4585,,,google-images-326-local-v1.1.0,d8ae0f4ef77567b4dcf8f15635b11c140810c3b991a8134a99997e11ad6a1d9e
V029,29,模型,google_images,https://www.google.com/search?tbm=isch&q=%E6%A8%A1%E5%9E%8B&hl=en,screenshots/V029__query.jpg,success,200,false,false,1,2026-08-01T18:05:25.421Z,2026-08-01T18:05:29.583Z,4162,,,google-images-326-local-v1.1.0,d8ae0f4ef77567b4dcf8f15635b11c140810c3b991a8134a99997e11ad6a1d9e
V030,30,model kit,google_images,https://www.google.com/search?tbm=isch&q=model%20kit&hl=en,screenshots/V030__model-kit.jpg,success,200,false,false,1,2026-08-01T18:05:39.732Z,2026-08-01T18:05:43.692Z,3960,,,google-images-326-local-v1.1.0,d8ae0f4ef77567b4dcf8f15635b11c140810c3b991a8134a99997e11ad6a1d9e
V031,31,雕像,google_images,https://www.google.com/search?tbm=isch&q=%E9%9B%95%E5%83%8F&hl=en,screenshots/V031__query.jpg,success,200,false,false,1,2026-08-01T18:05:51.972Z,2026-08-01T18:05:56.208Z,4236,,,google-images-326-local-v1.1.0,d8ae0f4ef77567b4dcf8f15635b11c140810c3b991a8134a99997e11ad6a1d9e
V032,32,statue,google_images,https://www.google.com/search?tbm=isch&q=statue&hl=en,screenshots/V032__statue.jpg,success,200,false,false,1,2026-08-01T18:06:06.700Z,2026-08-01T18:06:10.807Z,4107,,,google-images-326-local-v1.1.0,d8ae0f4ef77567b4dcf8f15635b11c140810c3b991a8134a99997e11ad6a1d9e
V033,33,帆布袋,google_images,https://www.google.com/search?tbm=isch&q=%E5%B8%86%E5%B8%83%E8%A2%8B&hl=en,screenshots/V033__query.jpg,success,200,false,false,1,2026-08-01T18:06:21.302Z,2026-08-01T18:06:26.190Z,4888,,,google-images-326-local-v1.1.0,d8ae0f4ef77567b4dcf8f15635b11c140810c3b991a8134a99997e11ad6a1d9e
V034,34,tote bag,google_images,https://www.google.com/search?tbm=isch&q=tote%20bag&hl=en,screenshots/V034__tote-bag.jpg,success,200,false,false,1,2026-08-01T18:06:38.777Z,2026-08-01T18:06:43.543Z,4766,,,google-images-326-local-v1.1.0,d8ae0f4ef77567b4dcf8f15635b11c140810c3b991a8134a99997e11ad6a1d9e
V035,35,手机壳,google_images,https://www.google.com/search?tbm=isch&q=%E6%89%8B%E6%9C%BA%E5%A3%B3&hl=en,screenshots/V035__query.jpg,success,200,false,false,1,2026-08-01T18:06:52.782Z,2026-08-01T18:06:57.710Z,4928,,,google-images-326-local-v1.1.0,d8ae0f4ef77567b4dcf8f15635b11c140810c3b991a8134a99997e11ad6a1d9e
V036,36,phone case,google_images,https://www.google.com/search?tbm=isch&q=phone%20case&hl=en,screenshots/V036__phone-case.jpg,success,200,false,false,1,2026-08-01T18:26:19.464Z,2026-08-01T18:26:24.233Z,4769,,,google-images-326-local-v1.1.0,d8ae0f4ef77567b4dcf8f15635b11c140810c3b991a8134a99997e11ad6a1d9e
V037,37,徽章,google_images,https://www.google.com/search?tbm=isch&q=%E5%BE%BD%E7%AB%A0&hl=en,screenshots/V037__query.jpg,success,200,false,false,1,2026-08-01T18:26:36.577Z,2026-08-01T18:26:40.221Z,3644,,,google-images-326-local-v1.1.0,d8ae0f4ef77567b4dcf8f15635b11c140810c3b991a8134a99997e11ad6a1d9e
V038,38,badge,google_images,https://www.google.com/search?tbm=isch&q=badge&hl=en,screenshots/V038__badge.jpg,success,200,false,false,1,2026-08-01T18:26:47.411Z,2026-08-01T18:26:51.068Z,3657,,,google-images-326-local-v1.1.0,d8ae0f4ef77567b4dcf8f15635b11c140810c3b991a8134a99997e11ad6a1d9e
V039,39,胸针,google_images,https://www.google.com/search?tbm=isch&q=%E8%83%B8%E9%92%88&hl=en,screenshots/V039__query.jpg,success,200,false,false,1,2026-08-01T18:27:02.068Z,2026-08-01T18:27:05.699Z,3631,,,google-images-326-local-v1.1.0,d8ae0f4ef77567b4dcf8f15635b11c140810c3b991a8134a99997e11ad6a1d9e
V040,40,enamel pin,google_images,https://www.google.com/search?tbm=isch&q=enamel%20pin&hl=en,screenshots/V040__enamel-pin.jpg,success,200,false,false,1,2026-08-01T18:27:18.247Z,2026-08-01T18:27:21.721Z,3474,,,google-images-326-local-v1.1.0,d8ae0f4ef77567b4dcf8f15635b11c140810c3b991a8134a99997e11ad6a1d9e
V041,41,冰箱贴,google_images,https://www.google.com/search?tbm=isch&q=%E5%86%B0%E7%AE%B1%E8%B4%B4&hl=en,screenshots/V041__query.jpg,success,200,false,false,1,2026-08-01T18:27:32.592Z,2026-08-01T18:27:36.279Z,3687,,,google-images-326-local-v1.1.0,d8ae0f4ef77567b4dcf8f15635b11c140810c3b991a8134a99997e11ad6a1d9e
V042,42,magnet,google_images,https://www.google.com/search?tbm=isch&q=magnet&hl=en,screenshots/V042__magnet.jpg,success,200,false,false,1,2026-08-01T18:27:44.576Z,2026-08-01T18:27:48.306Z,3730,,,google-images-326-local-v1.1.0,d8ae0f4ef77567b4dcf8f15635b11c140810c3b991a8134a99997e11ad6a1d9e
V043,43,挂绳,google_images,https://www.google.com/search?tbm=isch&q=%E6%8C%82%E7%BB%B3&hl=en,screenshots/V043__query.jpg,success,200,false,false,1,2026-08-01T18:27:56.420Z,2026-08-01T18:28:00.395Z,3975,,,google-images-326-local-v1.1.0,d8ae0f4ef77567b4dcf8f15635b11c140810c3b991a8134a99997e11ad6a1d9e
V044,44,lanyard,google_images,https://www.google.com/search?tbm=isch&q=lanyard&hl=en,screenshots/V044__lanyard.jpg,success,200,false,false,1,2026-08-01T18:28:08.162Z,2026-08-01T18:28:11.756Z,3594,,,google-images-326-local-v1.1.0,d8ae0f4ef77567b4dcf8f15635b11c140810c3b991a8134a99997e11ad6a1d9e
V045,45,迷你手办,google_images,https://www.google.com/search?tbm=isch&q=%E8%BF%B7%E4%BD%A0%E6%89%8B%E5%8A%9E&hl=en,screenshots/V045__query.jpg,success,200,false,false,1,2026-08-01T18:28:20.945Z,2026-08-01T18:28:24.435Z,3490,,,google-images-326-local-v1.1.0,d8ae0f4ef77567b4dcf8f15635b11c140810c3b991a8134a99997e11ad6a1d9e
V046,46,mini figure,google_images,https://www.google.com/search?tbm=isch&q=mini%20figure&hl=en,screenshots/V046__mini-figure.jpg,success,200,false,false,1,2026-08-01T18:28:35.483Z,2026-08-01T18:28:39.176Z,3693,,,google-images-326-local-v1.1.0,d8ae0f4ef77567b4dcf8f15635b11c140810c3b991a8134a99997e11ad6a1d9e
V047,47,潮流公仔,google_images,https://www.google.com/search?tbm=isch&q=%E6%BD%AE%E6%B5%81%E5%85%AC%E4%BB%94&hl=en,screenshots/V047__query.jpg,success,200,false,false,1,2026-08-01T18:28:49.521Z,2026-08-01T18:28:53.265Z,3744,,,google-images-326-local-v1.1.0,d8ae0f4ef77567b4dcf8f15635b11c140810c3b991a8134a99997e11ad6a1d9e
V048,48,vinyl toy,google_images,https://www.google.com/search?tbm=isch&q=vinyl%20toy&hl=en,screenshots/V048__vinyl-toy.jpg,success,200,false,false,1,2026-08-01T18:29:02.476Z,2026-08-01T18:29:15.933Z,13457,,,google-images-326-local-v1.1.0,d8ae0f4ef77567b4dcf8f15635b11c140810c3b991a8134a99997e11ad6a1d9e
V049,49,潮流手办,google_images,https://www.google.com/search?tbm=isch&q=%E6%BD%AE%E6%B5%81%E6%89%8B%E5%8A%9E&hl=en,screenshots/V049__query.jpg,success,200,false,false,1,2026-08-01T18:29:28.530Z,2026-08-01T18:29:32.109Z,3579,,,google-images-326-local-v1.1.0,d8ae0f4ef77567b4dcf8f15635b11c140810c3b991a8134a99997e11ad6a1d9e
V050,50,pop figure,google_images,https://www.google.com/search?tbm=isch&q=pop%20figure&hl=en,screenshots/V050__pop-figure.jpg,success,200,false,false,1,2026-08-01T18:29:45.076Z,2026-08-01T18:29:48.780Z,3704,,,google-images-326-local-v1.1.0,d8ae0f4ef77567b4dcf8f15635b11c140810c3b991a8134a99997e11ad6a1d9e
V051,51,惊喜盒子,google_images,https://www.google.com/search?tbm=isch&q=%E6%83%8A%E5%96%9C%E7%9B%92%E5%AD%90&hl=en,screenshots/V051__query.jpg,success,200,false,false,1,2026-08-01T18:29:58.467Z,2026-08-01T18:30:02.016Z,3549,,,google-images-326-local-v1.1.0,d8ae0f4ef77567b4dcf8f15635b11c140810c3b991a8134a99997e11ad6a1d9e
V052,52,mystery box,google_images,https://www.google.com/search?tbm=isch&q=mystery%20box&hl=en,screenshots/V052__mystery-box.jpg,success,200,false,false,1,2026-08-01T18:30:10.228Z,2026-08-01T18:30:14.311Z,4083,,,google-images-326-local-v1.1.0,d8ae0f4ef77567b4dcf8f15635b11c140810c3b991a8134a99997e11ad6a1d9e
V053,53,挂件,google_images,https://www.google.com/search?tbm=isch&q=%E6%8C%82%E4%BB%B6&hl=en,screenshots/V053__query.jpg,success,200,false,false,1,2026-08-01T18:30:24.774Z,2026-08-01T18:30:41.050Z,16276,,,google-images-326-local-v1.1.0,d8ae0f4ef77567b4dcf8f15635b11c140810c3b991a8134a99997e11ad6a1d9e
V054,54,charm,google_images,https://www.google.com/search?tbm=isch&q=charm&hl=en,screenshots/V054__charm.jpg,success,200,false,false,1,2026-08-01T18:30:50.172Z,2026-08-01T18:30:54.015Z,3843,,,google-images-326-local-v1.1.0,d8ae0f4ef77567b4dcf8f15635b11c140810c3b991a8134a99997e11ad6a1d9e
V055,55,马克杯,google_images,https://www.google.com/search?tbm=isch&q=%E9%A9%AC%E5%85%8B%E6%9D%AF&hl=en,screenshots/V055__query.jpg,success,200,false,false,1,2026-08-01T18:31:01.301Z,2026-08-01T18:31:04.826Z,3525,,,google-images-326-local-v1.1.0,d8ae0f4ef77567b4dcf8f15635b11c140810c3b991a8134a99997e11ad6a1d9e
V056,56,collectible mug,google_images,https://www.google.com/search?tbm=isch&q=collectible%20mug&hl=en,screenshots/V056__collectible-mug.jpg,success,200,false,false,1,2026-08-01T18:31:17.148Z,2026-08-01T18:31:20.744Z,3596,,,google-images-326-local-v1.1.0,d8ae0f4ef77567b4dcf8f15635b11c140810c3b991a8134a99997e11ad6a1d9e
V057,57,抱枕,google_images,https://www.google.com/search?tbm=isch&q=%E6%8A%B1%E6%9E%95&hl=en,screenshots/V057__query.jpg,success,200,false,false,1,2026-08-01T18:31:33.172Z,2026-08-01T18:31:36.754Z,3582,,,google-images-326-local-v1.1.0,d8ae0f4ef77567b4dcf8f15635b11c140810c3b991a8134a99997e11ad6a1d9e
V058,58,plush pillow,google_images,https://www.google.com/search?tbm=isch&q=plush%20pillow&hl=en,screenshots/V058__plush-pillow.jpg,success,200,false,false,1,2026-08-01T18:31:46.158Z,2026-08-01T18:31:49.725Z,3567,,,google-images-326-local-v1.1.0,d8ae0f4ef77567b4dcf8f15635b11c140810c3b991a8134a99997e11ad6a1d9e
V059,59,拼图,google_images,https://www.google.com/search?tbm=isch&q=%E6%8B%BC%E5%9B%BE&hl=en,screenshots/V059__query.jpg,success,200,false,false,1,2026-08-01T18:31:58.371Z,2026-08-01T18:32:05.177Z,6806,,,google-images-326-local-v1.1.0,d8ae0f4ef77567b4dcf8f15635b11c140810c3b991a8134a99997e11ad6a1d9e
V060,60,puzzle,google_images,https://www.google.com/search?tbm=isch&q=puzzle&hl=en,screenshots/V060__puzzle.jpg,success,200,false,false,1,2026-08-01T18:32:14.120Z,2026-08-01T18:32:19.892Z,5772,,,google-images-326-local-v1.1.0,d8ae0f4ef77567b4dcf8f15635b11c140810c3b991a8134a99997e11ad6a1d9e
V061,61,积木,google_images,https://www.google.com/search?tbm=isch&q=%E7%A7%AF%E6%9C%A8&hl=en,screenshots/V061__query.jpg,success,200,false,false,1,2026-08-01T18:32:28.047Z,2026-08-01T18:32:31.771Z,3724,,,google-images-326-local-v1.1.0,d8ae0f4ef77567b4dcf8f15635b11c140810c3b991a8134a99997e11ad6a1d9e
V062,62,building blocks,google_images,https://www.google.com/search?tbm=isch&q=building%20blocks&hl=en,screenshots/V062__building-blocks.jpg,success,200,false,false,1,2026-08-01T18:32:44.380Z,2026-08-01T18:32:48.495Z,4115,,,google-images-326-local-v1.1.0,d8ae0f4ef77567b4dcf8f15635b11c140810c3b991a8134a99997e11ad6a1d9e
V063,63,公仔盒,google_images,https://www.google.com/search?tbm=isch&q=%E5%85%AC%E4%BB%94%E7%9B%92&hl=en,screenshots/V063__query.jpg,success,200,false,false,1,2026-08-01T18:33:01.283Z,2026-08-01T18:33:05.153Z,3870,,,google-images-326-local-v1.1.0,d8ae0f4ef77567b4dcf8f15635b11c140810c3b991a8134a99997e11ad6a1d9e
V064,64,sticker pack,google_images,https://www.google.com/search?tbm=isch&q=sticker%20pack&hl=en,screenshots/V064__sticker-pack.jpg,success,200,false,false,1,2026-08-01T18:33:12.211Z,2026-08-01T18:33:15.934Z,3723,,,google-images-326-local-v1.1.0,d8ae0f4ef77567b4dcf8f15635b11c140810c3b991a8134a99997e11ad6a1d9e
V065,65,文创手办,google_images,https://www.google.com/search?tbm=isch&q=%E6%96%87%E5%88%9B%E6%89%8B%E5%8A%9E&hl=en,screenshots/V065__query.jpg,success,200,false,false,1,2026-08-01T18:33:23.284Z,2026-08-01T18:33:26.919Z,3635,,,google-images-326-local-v1.1.0,d8ae0f4ef77567b4dcf8f15635b11c140810c3b991a8134a99997e11ad6a1d9e
V066,66,cultural relic figure,google_images,https://www.google.com/search?tbm=isch&q=cultural%20relic%20figure&hl=en,screenshots/V066__cultural-relic-figure.jpg,success,200,false,false,1,2026-08-01T18:33:38.235Z,2026-08-01T18:33:41.736Z,3501,,,google-images-326-local-v1.1.0,d8ae0f4ef77567b4dcf8f15635b11c140810c3b991a8134a99997e11ad6a1d9e
V067,67,博物馆文创,google_images,https://www.google.com/search?tbm=isch&q=%E5%8D%9A%E7%89%A9%E9%A6%86%E6%96%87%E5%88%9B&hl=en,screenshots/V067__query.jpg,success,200,false,false,1,2026-08-01T18:33:54.645Z,2026-08-01T18:33:58.748Z,4103,,,google-images-326-local-v1.1.0,d8ae0f4ef77567b4dcf8f15635b11c140810c3b991a8134a99997e11ad6a1d9e
V068,68,museum souvenir,google_images,https://www.google.com/search?tbm=isch&q=museum%20souvenir&hl=en,screenshots/V068__museum-souvenir.jpg,success,200,false,false,1,2026-08-01T18:34:07.880Z,2026-08-01T18:34:11.428Z,3548,,,google-images-326-local-v1.1.0,d8ae0f4ef77567b4dcf8f15635b11c140810c3b991a8134a99997e11ad6a1d9e
V069,69,国潮公仔,google_images,https://www.google.com/search?tbm=isch&q=%E5%9B%BD%E6%BD%AE%E5%85%AC%E4%BB%94&hl=en,screenshots/V069__query.jpg,success,200,false,false,1,2026-08-01T18:34:21.503Z,2026-08-01T18:34:25.332Z,3829,,,google-images-326-local-v1.1.0,d8ae0f4ef77567b4dcf8f15635b11c140810c3b991a8134a99997e11ad6a1d9e
V070,70,IP figure,google_images,https://www.google.com/search?tbm=isch&q=IP%20figure&hl=en,screenshots/V070__ip-figure.jpg,success,200,false,false,1,2026-08-01T18:34:38.059Z,2026-08-01T18:34:41.524Z,3465,,,google-images-326-local-v1.1.0,d8ae0f4ef77567b4dcf8f15635b11c140810c3b991a8134a99997e11ad6a1d9e
V071,71,动漫周边,google_images,https://www.google.com/search?tbm=isch&q=%E5%8A%A8%E6%BC%AB%E5%91%A8%E8%BE%B9&hl=en,screenshots/V071__query.jpg,success,200,false,false,1,2026-08-01T18:34:53.289Z,2026-08-01T18:34:56.968Z,3679,,,google-images-326-local-v1.1.0,d8ae0f4ef77567b4dcf8f15635b11c140810c3b991a8134a99997e11ad6a1d9e
V072,72,anime merch,google_images,https://www.google.com/search?tbm=isch&q=anime%20merch&hl=en,screenshots/V072__anime-merch.jpg,success,200,false,false,1,2026-08-01T18:35:08.883Z,2026-08-01T18:35:12.538Z,3655,,,google-images-326-local-v1.1.0,d8ae0f4ef77567b4dcf8f15635b11c140810c3b991a8134a99997e11ad6a1d9e
V073,73,明信片套装,google_images,https://www.google.com/search?tbm=isch&q=%E6%98%8E%E4%BF%A1%E7%89%87%E5%A5%97%E8%A3%85&hl=en,screenshots/V073__query.jpg,success,200,false,false,1,2026-08-01T18:35:22.943Z,2026-08-01T18:35:26.577Z,3634,,,google-images-326-local-v1.1.0,d8ae0f4ef77567b4dcf8f15635b11c140810c3b991a8134a99997e11ad6a1d9e
V074,74,postcard set,google_images,https://www.google.com/search?tbm=isch&q=postcard%20set&hl=en,screenshots/V074__postcard-set.jpg,success,200,false,false,1,2026-08-01T18:35:36.812Z,2026-08-01T18:35:40.543Z,3730,,,google-images-326-local-v1.1.0,d8ae0f4ef77567b4dcf8f15635b11c140810c3b991a8134a99997e11ad6a1d9e
V075,75,艺术微喷,google_images,https://www.google.com/search?tbm=isch&q=%E8%89%BA%E6%9C%AF%E5%BE%AE%E5%96%B7&hl=en,screenshots/V075__query.jpg,success,200,false,false,1,2026-08-01T18:35:49.436Z,2026-08-01T18:35:53.113Z,3677,,,google-images-326-local-v1.1.0,d8ae0f4ef77567b4dcf8f15635b11c140810c3b991a8134a99997e11ad6a1d9e
V076,76,art print,google_images,https://www.google.com/search?tbm=isch&q=art%20print&hl=en,screenshots/V076__art-print.jpg,success,200,false,false,1,2026-08-01T18:36:02.862Z,2026-08-01T18:36:06.770Z,3908,,,google-images-326-local-v1.1.0,d8ae0f4ef77567b4dcf8f15635b11c140810c3b991a8134a99997e11ad6a1d9e
V077,77,摇头公仔,google_images,https://www.google.com/search?tbm=isch&q=%E6%91%87%E5%A4%B4%E5%85%AC%E4%BB%94&hl=en,screenshots/V077__query.jpg,success,200,false,false,1,2026-08-01T18:36:17.921Z,2026-08-01T18:36:21.589Z,3668,,,google-images-326-local-v1.1.0,d8ae0f4ef77567b4dcf8f15635b11c140810c3b991a8134a99997e11ad6a1d9e
V078,78,bobblehead,google_images,https://www.google.com/search?tbm=isch&q=bobblehead&hl=en,screenshots/V078__bobblehead.jpg,success,200,false,false,1,2026-08-01T18:36:32.686Z,2026-08-01T18:36:36.316Z,3630,,,google-images-326-local-v1.1.0,d8ae0f4ef77567b4dcf8f15635b11c140810c3b991a8134a99997e11ad6a1d9e
V079,79,场景模型,google_images,https://www.google.com/search?tbm=isch&q=%E5%9C%BA%E6%99%AF%E6%A8%A1%E5%9E%8B&hl=en,screenshots/V079__query.jpg,success,200,false,false,1,2026-08-01T18:36:49.110Z,2026-08-01T18:36:52.703Z,3593,,,google-images-326-local-v1.1.0,d8ae0f4ef77567b4dcf8f15635b11c140810c3b991a8134a99997e11ad6a1d9e
V080,80,diorama,google_images,https://www.google.com/search?tbm=isch&q=diorama&hl=en,screenshots/V080__diorama.jpg,success,200,false,false,1,2026-08-01T18:37:00.565Z,2026-08-01T18:37:04.084Z,3519,,,google-images-326-local-v1.1.0,d8ae0f4ef77567b4dcf8f15635b11c140810c3b991a8134a99997e11ad6a1d9e
V081,81,角色卡通贴纸,google_images,https://www.google.com/search?tbm=isch&q=%E8%A7%92%E8%89%B2%E5%8D%A1%E9%80%9A%E8%B4%B4%E7%BA%B8&hl=en,screenshots/V081__query.jpg,success,200,false,false,1,2026-08-01T18:37:12.701Z,2026-08-01T18:37:16.587Z,3886,,,google-images-326-local-v1.1.0,d8ae0f4ef77567b4dcf8f15635b11c140810c3b991a8134a99997e11ad6a1d9e
V082,82,character sticker pack,google_images,https://www.google.com/search?tbm=isch&q=character%20sticker%20pack&hl=en,screenshots/V082__character-sticker-pack.jpg,success,200,false,false,1,2026-08-01T18:37:29.518Z,2026-08-01T18:37:33.322Z,3804,,,google-images-326-local-v1.1.0,d8ae0f4ef77567b4dcf8f15635b11c140810c3b991a8134a99997e11ad6a1d9e
V083,83,标志,google_images,https://www.google.com/search?tbm=isch&q=%E6%A0%87%E5%BF%97&hl=en,screenshots/V083__query.jpg,success,200,false,false,1,2026-08-01T18:37:45.999Z,2026-08-01T18:37:49.544Z,3545,,,google-images-326-local-v1.1.0,d8ae0f4ef77567b4dcf8f15635b11c140810c3b991a8134a99997e11ad6a1d9e
V084,84,logo,google_images,https://www.google.com/search?tbm=isch&q=logo&hl=en,screenshots/V084__logo.jpg,success,200,false,false,1,2026-08-01T18:37:58.434Z,2026-08-01T18:38:02.021Z,3587,,,google-images-326-local-v1.1.0,d8ae0f4ef77567b4dcf8f15635b11c140810c3b991a8134a99997e11ad6a1d9e
V085,85,包装,google_images,https://www.google.com/search?tbm=isch&q=%E5%8C%85%E8%A3%85&hl=en,screenshots/V085__query.jpg,success,200,false,false,1,2026-08-01T18:38:10.642Z,2026-08-01T18:38:14.237Z,3595,,,google-images-326-local-v1.1.0,d8ae0f4ef77567b4dcf8f15635b11c140810c3b991a8134a99997e11ad6a1d9e
V086,86,package,google_images,https://www.google.com/search?tbm=isch&q=package&hl=en,screenshots/V086__package.jpg,success,200,false,false,1,2026-08-01T19:16:21.898Z,2026-08-01T19:16:26.706Z,4808,,,google-images-326-local-v1.1.0,d8ae0f4ef77567b4dcf8f15635b11c140810c3b991a8134a99997e11ad6a1d9e
V087,87,标签,google_images,https://www.google.com/search?tbm=isch&q=%E6%A0%87%E7%AD%BE&hl=en,screenshots/V087__query.jpg,success,200,false,false,1,2026-08-01T19:16:37.826Z,2026-08-01T19:16:41.777Z,3951,,,google-images-326-local-v1.1.0,d8ae0f4ef77567b4dcf8f15635b11c140810c3b991a8134a99997e11ad6a1d9e
V088,88,label,google_images,https://www.google.com/search?tbm=isch&q=label&hl=en,screenshots/V088__label.jpg,success,200,false,false,1,2026-08-01T19:16:49.439Z,2026-08-01T19:16:53.315Z,3876,,,google-images-326-local-v1.1.0,d8ae0f4ef77567b4dcf8f15635b11c140810c3b991a8134a99997e11ad6a1d9e
V089,89,瓶子,google_images,https://www.google.com/search?tbm=isch&q=%E7%93%B6%E5%AD%90&hl=en,screenshots/V089__query.jpg,success,200,false,false,1,2026-08-01T19:17:03.783Z,2026-08-01T19:17:07.595Z,3812,,,google-images-326-local-v1.1.0,d8ae0f4ef77567b4dcf8f15635b11c140810c3b991a8134a99997e11ad6a1d9e
V090,90,bottle,google_images,https://www.google.com/search?tbm=isch&q=bottle&hl=en,screenshots/V090__bottle.jpg,success,200,false,false,1,2026-08-01T19:17:15.293Z,2026-08-01T19:17:19.078Z,3785,,,google-images-326-local-v1.1.0,d8ae0f4ef77567b4dcf8f15635b11c140810c3b991a8134a99997e11ad6a1d9e
V091,91,菜单,google_images,https://www.google.com/search?tbm=isch&q=%E8%8F%9C%E5%8D%95&hl=en,screenshots/V091__query.jpg,success,200,false,false,1,2026-08-01T19:17:29.812Z,2026-08-01T19:17:34.129Z,4317,,,google-images-326-local-v1.1.0,d8ae0f4ef77567b4dcf8f15635b11c140810c3b991a8134a99997e11ad6a1d9e
V092,92,menu,google_images,https://www.google.com/search?tbm=isch&q=menu&hl=en,screenshots/V092__menu.jpg,success,200,false,false,1,2026-08-01T19:17:41.670Z,2026-08-01T19:17:45.684Z,4014,,,google-images-326-local-v1.1.0,d8ae0f4ef77567b4dcf8f15635b11c140810c3b991a8134a99997e11ad6a1d9e
V093,93,名片,google_images,https://www.google.com/search?tbm=isch&q=%E5%90%8D%E7%89%87&hl=en,screenshots/V093__query.jpg,success,200,false,false,1,2026-08-01T19:17:55.642Z,2026-08-01T19:17:59.205Z,3563,,,google-images-326-local-v1.1.0,d8ae0f4ef77567b4dcf8f15635b11c140810c3b991a8134a99997e11ad6a1d9e
V094,94,business card,google_images,https://www.google.com/search?tbm=isch&q=business%20card&hl=en,screenshots/V094__business-card.jpg,success,200,false,false,1,2026-08-01T19:18:09.695Z,2026-08-01T19:18:13.825Z,4130,,,google-images-326-local-v1.1.0,d8ae0f4ef77567b4dcf8f15635b11c140810c3b991a8134a99997e11ad6a1d9e
V095,95,产品盒,google_images,https://www.google.com/search?tbm=isch&q=%E4%BA%A7%E5%93%81%E7%9B%92&hl=en,screenshots/V095__query.jpg,success,200,false,false,1,2026-08-01T19:18:25.067Z,2026-08-01T19:18:28.920Z,3853,,,google-images-326-local-v1.1.0,d8ae0f4ef77567b4dcf8f15635b11c140810c3b991a8134a99997e11ad6a1d9e
V096,96,product box,google_images,https://www.google.com/search?tbm=isch&q=product%20box&hl=en,screenshots/V096__product-box.jpg,success,200,false,false,1,2026-08-01T19:18:39.014Z,2026-08-01T19:18:43.289Z,4275,,,google-images-326-local-v1.1.0,d8ae0f4ef77567b4dcf8f15635b11c140810c3b991a8134a99997e11ad6a1d9e
V097,97,咖啡包装,google_images,https://www.google.com/search?tbm=isch&q=%E5%92%96%E5%95%A1%E5%8C%85%E8%A3%85&hl=en,screenshots/V097__query.jpg,success,200,false,false,1,2026-08-01T19:18:55.799Z,2026-08-01T19:19:00.599Z,4800,,,google-images-326-local-v1.1.0,d8ae0f4ef77567b4dcf8f15635b11c140810c3b991a8134a99997e11ad6a1d9e
V098,98,coffee package,google_images,https://www.google.com/search?tbm=isch&q=coffee%20package&hl=en,screenshots/V098__coffee-package.jpg,success,200,false,false,1,2026-08-01T19:19:10.015Z,2026-08-01T19:19:15.721Z,5706,,,google-images-326-local-v1.1.0,d8ae0f4ef77567b4dcf8f15635b11c140810c3b991a8134a99997e11ad6a1d9e
V099,99,餐厅菜单,google_images,https://www.google.com/search?tbm=isch&q=%E9%A4%90%E5%8E%85%E8%8F%9C%E5%8D%95&hl=en,screenshots/V099__query.jpg,success,200,false,false,1,2026-08-01T19:19:26.189Z,2026-08-01T19:19:33.310Z,7121,,,google-images-326-local-v1.1.0,d8ae0f4ef77567b4dcf8f15635b11c140810c3b991a8134a99997e11ad6a1d9e
V100,100,restaurant menu,google_images,https://www.google.com/search?tbm=isch&q=restaurant%20menu&hl=en,screenshots/V100__restaurant-menu.jpg,success,200,false,false,1,2026-08-01T19:19:45.674Z,2026-08-01T19:19:52.024Z,6350,,,google-images-326-local-v1.1.0,d8ae0f4ef77567b4dcf8f15635b11c140810c3b991a8134a99997e11ad6a1d9e
V101,101,香水瓶,google_images,https://www.google.com/search?tbm=isch&q=%E9%A6%99%E6%B0%B4%E7%93%B6&hl=en,screenshots/V101__query.jpg,success,200,false,false,1,2026-08-01T19:19:59.091Z,2026-08-01T19:20:03.147Z,4056,,,google-images-326-local-v1.1.0,d8ae0f4ef77567b4dcf8f15635b11c140810c3b991a8134a99997e11ad6a1d9e
V102,102,perfume bottle,google_images,https://www.google.com/search?tbm=isch&q=perfume%20bottle&hl=en,screenshots/V102__perfume-bottle.jpg,success,200,false,false,1,2026-08-01T19:20:10.871Z,2026-08-01T19:20:14.676Z,3805,,,google-images-326-local-v1.1.0,d8ae0f4ef77567b4dcf8f15635b11c140810c3b991a8134a99997e11ad6a1d9e
V103,103,香水盒,google_images,https://www.google.com/search?tbm=isch&q=%E9%A6%99%E6%B0%B4%E7%9B%92&hl=en,screenshots/V103__query.jpg,success,200,false,false,1,2026-08-01T19:20:23.655Z,2026-08-01T19:20:27.337Z,3682,,,google-images-326-local-v1.1.0,d8ae0f4ef77567b4dcf8f15635b11c140810c3b991a8134a99997e11ad6a1d9e
V104,104,perfume box,google_images,https://www.google.com/search?tbm=isch&q=perfume%20box&hl=en,screenshots/V104__perfume-box.jpg,success,200,false,false,1,2026-08-01T19:20:39.620Z,2026-08-01T19:20:43.631Z,4011,,,google-images-326-local-v1.1.0,d8ae0f4ef77567b4dcf8f15635b11c140810c3b991a8134a99997e11ad6a1d9e
V105,105,茶叶包装,google_images,https://www.google.com/search?tbm=isch&q=%E8%8C%B6%E5%8F%B6%E5%8C%85%E8%A3%85&hl=en,screenshots/V105__query.jpg,success,200,false,false,1,2026-08-01T19:20:55.211Z,2026-08-01T19:20:59.082Z,3871,,,google-images-326-local-v1.1.0,d8ae0f4ef77567b4dcf8f15635b11c140810c3b991a8134a99997e11ad6a1d9e
V106,106,tea package,google_images,https://www.google.com/search?tbm=isch&q=tea%20package&hl=en,screenshots/V106__tea-package.jpg,success,200,false,false,1,2026-08-01T19:21:09.507Z,2026-08-01T19:21:13.853Z,4346,,,google-images-326-local-v1.1.0,d8ae0f4ef77567b4dcf8f15635b11c140810c3b991a8134a99997e11ad6a1d9e
V107,107,咖啡豆包装,google_images,https://www.google.com/search?tbm=isch&q=%E5%92%96%E5%95%A1%E8%B1%86%E5%8C%85%E8%A3%85&hl=en,screenshots/V107__query.jpg,success,200,false,false,1,2026-08-01T19:21:22.516Z,2026-08-01T19:21:26.501Z,3985,,,google-images-326-local-v1.1.0,d8ae0f4ef77567b4dcf8f15635b11c140810c3b991a8134a99997e11ad6a1d9e
V108,108,coffee bean package,google_images,https://www.google.com/search?tbm=isch&q=coffee%20bean%20package&hl=en,screenshots/V108__coffee-bean-package.jpg,success,200,false,false,1,2026-08-01T19:21:39.182Z,2026-08-01T19:21:43.269Z,4087,,,google-images-326-local-v1.1.0,d8ae0f4ef77567b4dcf8f15635b11c140810c3b991a8134a99997e11ad6a1d9e
V109,109,巧克力礼盒,google_images,https://www.google.com/search?tbm=isch&q=%E5%B7%A7%E5%85%8B%E5%8A%9B%E7%A4%BC%E7%9B%92&hl=en,screenshots/V109__query.jpg,success,200,false,false,1,2026-08-01T19:21:53.766Z,2026-08-01T19:21:57.833Z,4067,,,google-images-326-local-v1.1.0,d8ae0f4ef77567b4dcf8f15635b11c140810c3b991a8134a99997e11ad6a1d9e
V110,110,chocolate box,google_images,https://www.google.com/search?tbm=isch&q=chocolate%20box&hl=en,screenshots/V110__chocolate-box.jpg,success,200,false,false,1,2026-08-01T19:22:07.534Z,2026-08-01T19:22:11.266Z,3732,,,google-images-326-local-v1.1.0,d8ae0f4ef77567b4dcf8f15635b11c140810c3b991a8134a99997e11ad6a1d9e
V111,111,护肤品包装,google_images,https://www.google.com/search?tbm=isch&q=%E6%8A%A4%E8%82%A4%E5%93%81%E5%8C%85%E8%A3%85&hl=en,screenshots/V111__query.jpg,success,200,false,false,1,2026-08-01T19:22:21.610Z,2026-08-01T19:22:25.519Z,3909,,,google-images-326-local-v1.1.0,d8ae0f4ef77567b4dcf8f15635b11c140810c3b991a8134a99997e11ad6a1d9e
V112,112,skincare package,google_images,https://www.google.com/search?tbm=isch&q=skincare%20package&hl=en,screenshots/V112__skincare-package.jpg,success,200,false,false,1,2026-08-01T19:22:35.813Z,2026-08-01T19:22:39.701Z,3888,,,google-images-326-local-v1.1.0,d8ae0f4ef77567b4dcf8f15635b11c140810c3b991a8134a99997e11ad6a1d9e
V113,113,化妆品包装,google_images,https://www.google.com/search?tbm=isch&q=%E5%8C%96%E5%A6%86%E5%93%81%E5%8C%85%E8%A3%85&hl=en,screenshots/V113__query.jpg,success,200,false,false,1,2026-08-01T19:22:51.999Z,2026-08-01T19:22:55.908Z,3909,,,google-images-326-local-v1.1.0,d8ae0f4ef77567b4dcf8f15635b11c140810c3b991a8134a99997e11ad6a1d9e
V114,114,cosmetic package,google_images,https://www.google.com/search?tbm=isch&q=cosmetic%20package&hl=en,screenshots/V114__cosmetic-package.jpg,success,200,false,false,1,2026-08-01T19:23:03.857Z,2026-08-01T19:23:07.651Z,3794,,,google-images-326-local-v1.1.0,d8ae0f4ef77567b4dcf8f15635b11c140810c3b991a8134a99997e11ad6a1d9e
V115,115,酒标,google_images,https://www.google.com/search?tbm=isch&q=%E9%85%92%E6%A0%87&hl=en,screenshots/V115__query.jpg,success,200,false,false,1,2026-08-01T19:23:16.418Z,2026-08-01T19:23:20.547Z,4129,,,google-images-326-local-v1.1.0,d8ae0f4ef77567b4dcf8f15635b11c140810c3b991a8134a99997e11ad6a1d9e
V116,116,wine label,google_images,https://www.google.com/search?tbm=isch&q=wine%20label&hl=en,screenshots/V116__wine-label.jpg,success,200,false,false,1,2026-08-01T19:23:31.903Z,2026-08-01T19:23:35.888Z,3985,,,google-images-326-local-v1.1.0,d8ae0f4ef77567b4dcf8f15635b11c140810c3b991a8134a99997e11ad6a1d9e
V117,117,零食包装,google_images,https://www.google.com/search?tbm=isch&q=%E9%9B%B6%E9%A3%9F%E5%8C%85%E8%A3%85&hl=en,screenshots/V117__query.jpg,success,200,false,false,1,2026-08-01T19:23:48.702Z,2026-08-01T19:23:53.137Z,4435,,,google-images-326-local-v1.1.0,d8ae0f4ef77567b4dcf8f15635b11c140810c3b991a8134a99997e11ad6a1d9e
V118,118,snack package,google_images,https://www.google.com/search?tbm=isch&q=snack%20package&hl=en,screenshots/V118__snack-package.jpg,success,200,false,false,1,2026-08-01T19:24:00.318Z,2026-08-01T19:24:05.666Z,5348,,,google-images-326-local-v1.1.0,d8ae0f4ef77567b4dcf8f15635b11c140810c3b991a8134a99997e11ad6a1d9e
V119,119,礼品盒,google_images,https://www.google.com/search?tbm=isch&q=%E7%A4%BC%E5%93%81%E7%9B%92&hl=en,screenshots/V119__query.jpg,success,200,false,false,1,2026-08-01T19:24:13.242Z,2026-08-01T19:24:17.271Z,4029,,,google-images-326-local-v1.1.0,d8ae0f4ef77567b4dcf8f15635b11c140810c3b991a8134a99997e11ad6a1d9e
V120,120,gift box,google_images,https://www.google.com/search?tbm=isch&q=gift%20box&hl=en,screenshots/V120__gift-box.jpg,success,200,false,false,1,2026-08-01T19:24:29.344Z,2026-08-01T19:24:35.077Z,5733,,,google-images-326-local-v1.1.0,d8ae0f4ef77567b4dcf8f15635b11c140810c3b991a8134a99997e11ad6a1d9e
V121,121,购物袋,google_images,https://www.google.com/search?tbm=isch&q=%E8%B4%AD%E7%89%A9%E8%A2%8B&hl=en,screenshots/V121__query.jpg,success,200,false,false,1,2026-08-01T19:24:47.597Z,2026-08-01T19:24:52.386Z,4789,,,google-images-326-local-v1.1.0,d8ae0f4ef77567b4dcf8f15635b11c140810c3b991a8134a99997e11ad6a1d9e
V122,122,shopping bag,google_images,https://www.google.com/search?tbm=isch&q=shopping%20bag&hl=en,screenshots/V122__shopping-bag.jpg,success,200,false,false,1,2026-08-01T19:25:03.393Z,2026-08-01T19:25:07.719Z,4326,,,google-images-326-local-v1.1.0,d8ae0f4ef77567b4dcf8f15635b11c140810c3b991a8134a99997e11ad6a1d9e
V123,123,产品标签,google_images,https://www.google.com/search?tbm=isch&q=%E4%BA%A7%E5%93%81%E6%A0%87%E7%AD%BE&hl=en,screenshots/V123__query.jpg,success,200,false,false,1,2026-08-01T19:25:15.199Z,2026-08-01T19:25:19.687Z,4488,,,google-images-326-local-v1.1.0,d8ae0f4ef77567b4dcf8f15635b11c140810c3b991a8134a99997e11ad6a1d9e
V124,124,product label,google_images,https://www.google.com/search?tbm=isch&q=product%20label&hl=en,screenshots/V124__product-label.jpg,success,200,false,false,1,2026-08-01T19:25:27.035Z,2026-08-01T19:25:31.681Z,4646,,,google-images-326-local-v1.1.0,d8ae0f4ef77567b4dcf8f15635b11c140810c3b991a8134a99997e11ad6a1d9e
V125,125,烘焙包装,google_images,https://www.google.com/search?tbm=isch&q=%E7%83%98%E7%84%99%E5%8C%85%E8%A3%85&hl=en,screenshots/V125__query.jpg,success,200,false,false,1,2026-08-01T19:25:40.957Z,2026-08-01T19:25:45.160Z,4203,,,google-images-326-local-v1.1.0,d8ae0f4ef77567b4dcf8f15635b11c140810c3b991a8134a99997e11ad6a1d9e
V126,126,bakery package,google_images,https://www.google.com/search?tbm=isch&q=bakery%20package&hl=en,screenshots/V126__bakery-package.jpg,success,200,false,false,1,2026-08-01T19:25:54.863Z,2026-08-01T19:26:02.738Z,7875,,,google-images-326-local-v1.1.0,d8ae0f4ef77567b4dcf8f15635b11c140810c3b991a8134a99997e11ad6a1d9e
V127,127,咖啡馆菜单,google_images,https://www.google.com/search?tbm=isch&q=%E5%92%96%E5%95%A1%E9%A6%86%E8%8F%9C%E5%8D%95&hl=en,screenshots/V127__query.jpg,success,200,false,false,1,2026-08-01T19:26:13.715Z,2026-08-01T19:26:18.181Z,4466,,,google-images-326-local-v1.1.0,d8ae0f4ef77567b4dcf8f15635b11c140810c3b991a8134a99997e11ad6a1d9e
V128,128,cafe menu,google_images,https://www.google.com/search?tbm=isch&q=cafe%20menu&hl=en,screenshots/V128__cafe-menu.jpg,success,200,false,false,1,2026-08-01T19:26:26.726Z,2026-08-01T19:26:30.699Z,3973,,,google-images-326-local-v1.1.0,d8ae0f4ef77567b4dcf8f15635b11c140810c3b991a8134a99997e11ad6a1d9e
V129,129,店招,google_images,https://www.google.com/search?tbm=isch&q=%E5%BA%97%E6%8B%9B&hl=en,screenshots/V129__query.jpg,success,200,false,false,1,2026-08-01T19:26:39.681Z,2026-08-01T19:26:43.325Z,3644,,,google-images-326-local-v1.1.0,d8ae0f4ef77567b4dcf8f15635b11c140810c3b991a8134a99997e11ad6a1d9e
V130,130,shop sign,google_images,https://www.google.com/search?tbm=isch&q=shop%20sign&hl=en,screenshots/V130__shop-sign.jpg,success,200,false,false,1,2026-08-01T19:26:54.042Z,2026-08-01T19:26:57.835Z,3793,,,google-images-326-local-v1.1.0,d8ae0f4ef77567b4dcf8f15635b11c140810c3b991a8134a99997e11ad6a1d9e
V131,131,门店招牌,google_images,https://www.google.com/search?tbm=isch&q=%E9%97%A8%E5%BA%97%E6%8B%9B%E7%89%8C&hl=en,screenshots/V131__query.jpg,success,200,false,false,1,2026-08-01T19:27:06.561Z,2026-08-01T19:27:10.347Z,3786,,,google-images-326-local-v1.1.0,d8ae0f4ef77567b4dcf8f15635b11c140810c3b991a8134a99997e11ad6a1d9e
V132,132,storefront sign,google_images,https://www.google.com/search?tbm=isch&q=storefront%20sign&hl=en,screenshots/V132__storefront-sign.jpg,success,200,false,false,1,2026-08-01T19:27:19.105Z,2026-08-01T19:27:22.615Z,3510,,,google-images-326-local-v1.1.0,d8ae0f4ef77567b4dcf8f15635b11c140810c3b991a8134a99997e11ad6a1d9e
V133,133,产品吊牌,google_images,https://www.google.com/search?tbm=isch&q=%E4%BA%A7%E5%93%81%E5%90%8A%E7%89%8C&hl=en,screenshots/V133__query.jpg,success,200,false,false,1,2026-08-01T19:27:35.264Z,2026-08-01T19:27:38.807Z,3543,,,google-images-326-local-v1.1.0,d8ae0f4ef77567b4dcf8f15635b11c140810c3b991a8134a99997e11ad6a1d9e
V134,134,product tag,google_images,https://www.google.com/search?tbm=isch&q=product%20tag&hl=en,screenshots/V134__product-tag.jpg,success,200,false,false,1,2026-08-01T19:27:50.741Z,2026-08-01T19:27:54.304Z,3563,,,google-images-326-local-v1.1.0,d8ae0f4ef77567b4dcf8f15635b11c140810c3b991a8134a99997e11ad6a1d9e
V135,135,价格标签,google_images,https://www.google.com/search?tbm=isch&q=%E4%BB%B7%E6%A0%BC%E6%A0%87%E7%AD%BE&hl=en,screenshots/V135__query.jpg,success,200,false,false,1,2026-08-01T19:28:02.403Z,2026-08-01T19:28:07.047Z,4644,,,google-images-326-local-v1.1.0,d8ae0f4ef77567b4dcf8f15635b11c140810c3b991a8134a99997e11ad6a1d9e
V136,136,price tag,google_images,https://www.google.com/search?tbm=isch&q=price%20tag&hl=en,screenshots/V136__price-tag.jpg,success,200,false,false,1,2026-08-02T05:08:40.613Z,2026-08-02T05:08:50.131Z,9518,,,google-images-326-local-v1.1.0,d8ae0f4ef77567b4dcf8f15635b11c140810c3b991a8134a99997e11ad6a1d9e
V137,137,服装吊牌,google_images,https://www.google.com/search?tbm=isch&q=%E6%9C%8D%E8%A3%85%E5%90%8A%E7%89%8C&hl=en,screenshots/V137__query.jpg,success,200,false,false,1,2026-08-02T05:09:00.265Z,2026-08-02T05:09:05.604Z,5339,,,google-images-326-local-v1.1.0,d8ae0f4ef77567b4dcf8f15635b11c140810c3b991a8134a99997e11ad6a1d9e
V138,138,clothing tag,google_images,https://www.google.com/search?tbm=isch&q=clothing%20tag&hl=en,screenshots/V138__clothing-tag.jpg,success,200,false,false,1,2026-08-02T05:09:18.557Z,2026-08-02T05:09:23.981Z,5424,,,google-images-326-local-v1.1.0,d8ae0f4ef77567b4dcf8f15635b11c140810c3b991a8134a99997e11ad6a1d9e
V139,139,首饰盒,google_images,https://www.google.com/search?tbm=isch&q=%E9%A6%96%E9%A5%B0%E7%9B%92&hl=en,screenshots/V139__query.jpg,success,200,false,false,1,2026-08-02T05:09:34.974Z,2026-08-02T05:09:39.865Z,4891,,,google-images-326-local-v1.1.0,d8ae0f4ef77567b4dcf8f15635b11c140810c3b991a8134a99997e11ad6a1d9e
V140,140,jewelry box,google_images,https://www.google.com/search?tbm=isch&q=jewelry%20box&hl=en,screenshots/V140__jewelry-box.jpg,success,200,false,false,1,2026-08-02T05:09:49.196Z,2026-08-02T05:09:54.279Z,5083,,,google-images-326-local-v1.1.0,d8ae0f4ef77567b4dcf8f15635b11c140810c3b991a8134a99997e11ad6a1d9e
V141,141,蜡烛标签,google_images,https://www.google.com/search?tbm=isch&q=%E8%9C%A1%E7%83%9B%E6%A0%87%E7%AD%BE&hl=en,screenshots/V141__query.jpg,success,200,false,false,1,2026-08-02T05:10:06.964Z,2026-08-02T05:10:12.912Z,5948,,,google-images-326-local-v1.1.0,d8ae0f4ef77567b4dcf8f15635b11c140810c3b991a8134a99997e11ad6a1d9e
V142,142,candle label,google_images,https://www.google.com/search?tbm=isch&q=candle%20label&hl=en,screenshots/V142__candle-label.jpg,success,200,false,false,1,2026-08-02T05:10:25.557Z,2026-08-02T05:10:37.985Z,12428,,,google-images-326-local-v1.1.0,d8ae0f4ef77567b4dcf8f15635b11c140810c3b991a8134a99997e11ad6a1d9e
V143,143,香皂包装,google_images,https://www.google.com/search?tbm=isch&q=%E9%A6%99%E7%9A%82%E5%8C%85%E8%A3%85&hl=en,screenshots/V143__query.jpg,success,200,false,false,1,2026-08-02T05:10:46.216Z,2026-08-02T05:11:03.127Z,16911,,,google-images-326-local-v1.1.0,d8ae0f4ef77567b4dcf8f15635b11c140810c3b991a8134a99997e11ad6a1d9e
V144,144,soap package,google_images,https://www.google.com/search?tbm=isch&q=soap%20package&hl=en,screenshots/V144__soap-package.jpg,success,200,false,false,1,2026-08-02T05:11:15.510Z,2026-08-02T05:11:32.022Z,16512,,,google-images-326-local-v1.1.0,d8ae0f4ef77567b4dcf8f15635b11c140810c3b991a8134a99997e11ad6a1d9e
V145,145,茶叶罐,google_images,https://www.google.com/search?tbm=isch&q=%E8%8C%B6%E5%8F%B6%E7%BD%90&hl=en,screenshots/V145__query.jpg,success,200,false,false,1,2026-08-02T05:11:42.751Z,2026-08-02T05:11:57.627Z,14876,,,google-images-326-local-v1.1.0,d8ae0f4ef77567b4dcf8f15635b11c140810c3b991a8134a99997e11ad6a1d9e
V146,146,tea box,google_images,https://www.google.com/search?tbm=isch&q=tea%20box&hl=en,screenshots/V146__tea-box.jpg,success,200,false,false,1,2026-08-02T05:12:09.907Z,2026-08-02T05:12:27.241Z,17334,,,google-images-326-local-v1.1.0,d8ae0f4ef77567b4dcf8f15635b11c140810c3b991a8134a99997e11ad6a1d9e
V147,147,咖啡杯,google_images,https://www.google.com/search?tbm=isch&q=%E5%92%96%E5%95%A1%E6%9D%AF&hl=en,screenshots/V147__query.jpg,success,200,false,false,1,2026-08-02T05:12:34.358Z,2026-08-02T05:12:50.291Z,15933,,,google-images-326-local-v1.1.0,d8ae0f4ef77567b4dcf8f15635b11c140810c3b991a8134a99997e11ad6a1d9e
V148,148,coffee cup,google_images,https://www.google.com/search?tbm=isch&q=coffee%20cup&hl=en,screenshots/V148__coffee-cup.jpg,success,200,false,false,1,2026-08-02T05:13:02.170Z,2026-08-02T05:13:18.249Z,16079,,,google-images-326-local-v1.1.0,d8ae0f4ef77567b4dcf8f15635b11c140810c3b991a8134a99997e11ad6a1d9e
V149,149,咖啡杯套,google_images,https://www.google.com/search?tbm=isch&q=%E5%92%96%E5%95%A1%E6%9D%AF%E5%A5%97&hl=en,screenshots/V149__query.jpg,success,200,false,false,1,2026-08-02T05:13:30.477Z,2026-08-02T05:13:46.952Z,16475,,,google-images-326-local-v1.1.0,d8ae0f4ef77567b4dcf8f15635b11c140810c3b991a8134a99997e11ad6a1d9e
V150,150,coffee cup sleeve,google_images,https://www.google.com/search?tbm=isch&q=coffee%20cup%20sleeve&hl=en,screenshots/V150__coffee-cup-sleeve.jpg,success,200,false,false,1,2026-08-02T05:13:55.163Z,2026-08-02T05:14:12.016Z,16853,,,google-images-326-local-v1.1.0,d8ae0f4ef77567b4dcf8f15635b11c140810c3b991a8134a99997e11ad6a1d9e
V151,151,外卖餐盒,google_images,https://www.google.com/search?tbm=isch&q=%E5%A4%96%E5%8D%96%E9%A4%90%E7%9B%92&hl=en,screenshots/V151__query.jpg,success,200,false,false,1,2026-08-02T05:14:20.450Z,2026-08-02T05:14:37.245Z,16795,,,google-images-326-local-v1.1.0,d8ae0f4ef77567b4dcf8f15635b11c140810c3b991a8134a99997e11ad6a1d9e
V152,152,takeout box,google_images,https://www.google.com/search?tbm=isch&q=takeout%20box&hl=en,screenshots/V152__takeout-box.jpg,success,200,false,false,1,2026-08-02T05:14:49.884Z,2026-08-02T05:15:04.122Z,14238,,,google-images-326-local-v1.1.0,d8ae0f4ef77567b4dcf8f15635b11c140810c3b991a8134a99997e11ad6a1d9e
V153,153,饮料瓶,google_images,https://www.google.com/search?tbm=isch&q=%E9%A5%AE%E6%96%99%E7%93%B6&hl=en,screenshots/V153__query.jpg,success,200,false,false,1,2026-08-02T05:15:13.989Z,2026-08-02T05:15:32.052Z,18063,,,google-images-326-local-v1.1.0,d8ae0f4ef77567b4dcf8f15635b11c140810c3b991a8134a99997e11ad6a1d9e
V154,154,drink bottle,google_images,https://www.google.com/search?tbm=isch&q=drink%20bottle&hl=en,screenshots/V154__drink-bottle.jpg,success,200,false,false,1,2026-08-02T05:15:40.408Z,2026-08-02T05:15:59.342Z,18934,,,google-images-326-local-v1.1.0,d8ae0f4ef77567b4dcf8f15635b11c140810c3b991a8134a99997e11ad6a1d9e
V155,155,水瓶标签,google_images,https://www.google.com/search?tbm=isch&q=%E6%B0%B4%E7%93%B6%E6%A0%87%E7%AD%BE&hl=en,screenshots/V155__query.jpg,success,200,false,false,1,2026-08-02T05:16:12.273Z,2026-08-02T05:16:29.684Z,17411,,,google-images-326-local-v1.1.0,d8ae0f4ef77567b4dcf8f15635b11c140810c3b991a8134a99997e11ad6a1d9e
V156,156,water bottle label,google_images,https://www.google.com/search?tbm=isch&q=water%20bottle%20label&hl=en,screenshots/V156__water-bottle-label.jpg,success,200,false,false,1,2026-08-02T05:16:37.192Z,2026-08-02T05:16:54.406Z,17214,,,google-images-326-local-v1.1.0,d8ae0f4ef77567b4dcf8f15635b11c140810c3b991a8134a99997e11ad6a1d9e
V157,157,信封,google_images,https://www.google.com/search?tbm=isch&q=%E4%BF%A1%E5%B0%81&hl=en,screenshots/V157__query.jpg,success,200,false,false,1,2026-08-02T05:17:07.255Z,2026-08-02T05:17:19.233Z,11978,,,google-images-326-local-v1.1.0,d8ae0f4ef77567b4dcf8f15635b11c140810c3b991a8134a99997e11ad6a1d9e
V158,158,envelope,google_images,https://www.google.com/search?tbm=isch&q=envelope&hl=en,screenshots/V158__envelope.jpg,success,200,false,false,1,2026-08-02T05:17:32.062Z,2026-08-02T05:17:43.895Z,11833,,,google-images-326-local-v1.1.0,d8ae0f4ef77567b4dcf8f15635b11c140810c3b991a8134a99997e11ad6a1d9e
V159,159,手提袋,google_images,https://www.google.com/search?tbm=isch&q=%E6%89%8B%E6%8F%90%E8%A2%8B&hl=en,screenshots/V159__query.jpg,success,200,false,false,1,2026-08-02T05:17:55.101Z,2026-08-02T05:18:08.358Z,13257,,,google-images-326-local-v1.1.0,d8ae0f4ef77567b4dcf8f15635b11c140810c3b991a8134a99997e11ad6a1d9e
V160,160,paper bag,google_images,https://www.google.com/search?tbm=isch&q=paper%20bag&hl=en,screenshots/V160__paper-bag.jpg,success,200,false,false,1,2026-08-02T05:18:19.611Z,2026-08-02T05:18:32.144Z,12533,,,google-images-326-local-v1.1.0,d8ae0f4ef77567b4dcf8f15635b11c140810c3b991a8134a99997e11ad6a1d9e
V161,161,蛋糕盒,google_images,https://www.google.com/search?tbm=isch&q=%E8%9B%8B%E7%B3%95%E7%9B%92&hl=en,screenshots/V161__query.jpg,success,200,false,false,1,2026-08-02T05:18:40.401Z,2026-08-02T05:18:53.982Z,13581,,,google-images-326-local-v1.1.0,d8ae0f4ef77567b4dcf8f15635b11c140810c3b991a8134a99997e11ad6a1d9e
V162,162,cake box,google_images,https://www.google.com/search?tbm=isch&q=cake%20box&hl=en,screenshots/V162__cake-box.jpg,success,200,false,false,1,2026-08-02T05:19:03.326Z,2026-08-02T05:19:15.692Z,12366,,,google-images-326-local-v1.1.0,d8ae0f4ef77567b4dcf8f15635b11c140810c3b991a8134a99997e11ad6a1d9e
V163,163,月饼礼盒,google_images,https://www.google.com/search?tbm=isch&q=%E6%9C%88%E9%A5%BC%E7%A4%BC%E7%9B%92&hl=en,screenshots/V163__query.jpg,success,200,false,false,1,2026-08-01T14:59:00.000Z,2026-08-01T14:59:16.532Z,16532,,,google-images-326-local-v1.1.0,d8ae0f4ef77567b4dcf8f15635b11c140810c3b991a8134a99997e11ad6a1d9e
V164,164,mooncake gift box,google_images,https://www.google.com/search?tbm=isch&q=mooncake%20gift%20box&hl=en,screenshots/V164__mooncake-gift-box.jpg,success,200,false,false,1,2026-08-02T05:19:22.943Z,2026-08-02T05:19:37.064Z,14121,,,google-images-326-local-v1.1.0,d8ae0f4ef77567b4dcf8f15635b11c140810c3b991a8134a99997e11ad6a1d9e
V165,165,横幅,google_images,https://www.google.com/search?tbm=isch&q=%E6%A8%AA%E5%B9%85&hl=en,screenshots/V165__query.jpg,success,200,false,false,1,2026-08-02T05:19:49.255Z,2026-08-02T05:19:57.549Z,8294,,,google-images-326-local-v1.1.0,d8ae0f4ef77567b4dcf8f15635b11c140810c3b991a8134a99997e11ad6a1d9e
V166,166,banner,google_images,https://www.google.com/search?tbm=isch&q=banner&hl=en,screenshots/V166__banner.jpg,success,200,false,false,1,2026-08-02T05:20:04.666Z,2026-08-02T05:20:18.474Z,13808,,,google-images-326-local-v1.1.0,d8ae0f4ef77567b4dcf8f15635b11c140810c3b991a8134a99997e11ad6a1d9e
V167,167,传单,google_images,https://www.google.com/search?tbm=isch&q=%E4%BC%A0%E5%8D%95&hl=en,screenshots/V167__query.jpg,success,200,false,false,1,2026-08-02T05:20:26.451Z,2026-08-02T05:20:40.713Z,14262,,,google-images-326-local-v1.1.0,d8ae0f4ef77567b4dcf8f15635b11c140810c3b991a8134a99997e11ad6a1d9e
V168,168,flyer,google_images,https://www.google.com/search?tbm=isch&q=flyer&hl=en,screenshots/V168__flyer.jpg,success,200,false,false,1,2026-08-02T05:20:49.189Z,2026-08-02T05:21:03.230Z,14041,,,google-images-326-local-v1.1.0,d8ae0f4ef77567b4dcf8f15635b11c140810c3b991a8134a99997e11ad6a1d9e
V169,169,画册,google_images,https://www.google.com/search?tbm=isch&q=%E7%94%BB%E5%86%8C&hl=en,screenshots/V169__query.jpg,success,200,false,false,1,2026-08-02T05:21:13.830Z,2026-08-02T05:21:27.553Z,13723,,,google-images-326-local-v1.1.0,d8ae0f4ef77567b4dcf8f15635b11c140810c3b991a8134a99997e11ad6a1d9e
V170,170,catalog,google_images,https://www.google.com/search?tbm=isch&q=catalog&hl=en,screenshots/V170__catalog.jpg,success,200,false,false,1,2026-08-02T05:21:37.052Z,2026-08-02T05:21:56.556Z,19504,,,google-images-326-local-v1.1.0,d8ae0f4ef77567b4dcf8f15635b11c140810c3b991a8134a99997e11ad6a1d9e
V171,171,促销横幅,google_images,https://www.google.com/search?tbm=isch&q=%E4%BF%83%E9%94%80%E6%A8%AA%E5%B9%85&hl=en,screenshots/V171__query.jpg,success,200,false,false,1,2026-08-02T05:22:04.266Z,2026-08-02T05:22:21.528Z,17262,,,google-images-326-local-v1.1.0,d8ae0f4ef77567b4dcf8f15635b11c140810c3b991a8134a99997e11ad6a1d9e
V172,172,sale banner,google_images,https://www.google.com/search?tbm=isch&q=sale%20banner&hl=en,screenshots/V172__sale-banner.jpg,success,200,false,false,1,2026-08-02T05:22:31.586Z,2026-08-02T05:22:48.488Z,16902,,,google-images-326-local-v1.1.0,d8ae0f4ef77567b4dcf8f15635b11c140810c3b991a8134a99997e11ad6a1d9e
V173,173,产品图,google_images,https://www.google.com/search?tbm=isch&q=%E4%BA%A7%E5%93%81%E5%9B%BE&hl=en,screenshots/V173__query.jpg,success,200,false,false,1,2026-08-02T05:22:56.544Z,2026-08-02T05:23:10.314Z,13770,,,google-images-326-local-v1.1.0,d8ae0f4ef77567b4dcf8f15635b11c140810c3b991a8134a99997e11ad6a1d9e
V174,174,product photo,google_images,https://www.google.com/search?tbm=isch&q=product%20photo&hl=en,screenshots/V174__product-photo.jpg,success,200,false,false,1,2026-08-02T05:23:19.905Z,2026-08-02T05:23:29.976Z,10071,,,google-images-326-local-v1.1.0,d8ae0f4ef77567b4dcf8f15635b11c140810c3b991a8134a99997e11ad6a1d9e
V175,175,促销活动,google_images,https://www.google.com/search?tbm=isch&q=%E4%BF%83%E9%94%80%E6%B4%BB%E5%8A%A8&hl=en,screenshots/V175__query.jpg,success,200,false,false,1,2026-08-02T05:23:39.626Z,2026-08-02T05:24:02.722Z,23096,,,google-images-326-local-v1.1.0,d8ae0f4ef77567b4dcf8f15635b11c140810c3b991a8134a99997e11ad6a1d9e
V176,176,promotion,google_images,https://www.google.com/search?tbm=isch&q=promotion&hl=en,screenshots/V176__promotion.jpg,success,200,false,false,1,2026-08-02T05:24:10.521Z,2026-08-02T05:24:21.068Z,10547,,,google-images-326-local-v1.1.0,d8ae0f4ef77567b4dcf8f15635b11c140810c3b991a8134a99997e11ad6a1d9e
V177,177,广告,google_images,https://www.google.com/search?tbm=isch&q=%E5%B9%BF%E5%91%8A&hl=en,screenshots/V177__query.jpg,success,200,false,false,1,2026-08-02T05:24:33.208Z,2026-08-02T05:24:50.887Z,17679,,,google-images-326-local-v1.1.0,d8ae0f4ef77567b4dcf8f15635b11c140810c3b991a8134a99997e11ad6a1d9e
V178,178,advertisement,google_images,https://www.google.com/search?tbm=isch&q=advertisement&hl=en,screenshots/V178__advertisement.jpg,success,200,false,false,1,2026-08-02T05:24:59.907Z,2026-08-02T05:25:15.170Z,15263,,,google-images-326-local-v1.1.0,d8ae0f4ef77567b4dcf8f15635b11c140810c3b991a8134a99997e11ad6a1d9e
V179,179,社交媒体帖子,google_images,https://www.google.com/search?tbm=isch&q=%E7%A4%BE%E4%BA%A4%E5%AA%92%E4%BD%93%E5%B8%96%E5%AD%90&hl=en,screenshots/V179__query.jpg,success,200,false,false,1,2026-08-02T05:25:24.608Z,2026-08-02T05:25:39.442Z,14834,,,google-images-326-local-v1.1.0,d8ae0f4ef77567b4dcf8f15635b11c140810c3b991a8134a99997e11ad6a1d9e
V180,180,social media post,google_images,https://www.google.com/search?tbm=isch&q=social%20media%20post&hl=en,screenshots/V180__social-media-post.jpg,success,200,false,false,1,2026-08-02T05:25:50.991Z,2026-08-02T05:26:05.705Z,14714,,,google-images-326-local-v1.1.0,d8ae0f4ef77567b4dcf8f15635b11c140810c3b991a8134a99997e11ad6a1d9e
V181,181,产品展示,google_images,https://www.google.com/search?tbm=isch&q=%E4%BA%A7%E5%93%81%E5%B1%95%E7%A4%BA&hl=en,screenshots/V181__query.jpg,success,200,false,false,1,2026-08-02T05:26:15.889Z,2026-08-02T05:26:30.976Z,15087,,,google-images-326-local-v1.1.0,d8ae0f4ef77567b4dcf8f15635b11c140810c3b991a8134a99997e11ad6a1d9e
V182,182,product display,google_images,https://www.google.com/search?tbm=isch&q=product%20display&hl=en,screenshots/V182__product-display.jpg,success,200,false,false,1,2026-08-02T05:26:39.238Z,2026-08-02T05:26:57.404Z,18166,,,google-images-326-local-v1.1.0,d8ae0f4ef77567b4dcf8f15635b11c140810c3b991a8134a99997e11ad6a1d9e
V183,183,餐厅传单,google_images,https://www.google.com/search?tbm=isch&q=%E9%A4%90%E5%8E%85%E4%BC%A0%E5%8D%95&hl=en,screenshots/V183__query.jpg,success,200,false,false,1,2026-08-02T05:27:05.913Z,2026-08-02T05:27:18.735Z,12822,,,google-images-326-local-v1.1.0,d8ae0f4ef77567b4dcf8f15635b11c140810c3b991a8134a99997e11ad6a1d9e
V184,184,restaurant flyer,google_images,https://www.google.com/search?tbm=isch&q=restaurant%20flyer&hl=en,screenshots/V184__restaurant-flyer.jpg,success,200,false,false,1,2026-08-02T05:27:29.878Z,2026-08-02T05:27:47.153Z,17275,,,google-images-326-local-v1.1.0,d8ae0f4ef77567b4dcf8f15635b11c140810c3b991a8134a99997e11ad6a1d9e
V185,185,电影海报,google_images,https://www.google.com/search?tbm=isch&q=%E7%94%B5%E5%BD%B1%E6%B5%B7%E6%8A%A5&hl=en,screenshots/V185__query.jpg,success,200,false,false,1,2026-08-02T05:27:54.727Z,2026-08-02T05:28:10.744Z,16017,,,google-images-326-local-v1.1.0,d8ae0f4ef77567b4dcf8f15635b11c140810c3b991a8134a99997e11ad6a1d9e
V186,186,movie poster,google_images,https://www.google.com/search?tbm=isch&q=movie%20poster&hl=en,screenshots/V186__movie-poster.jpg,success,200,false,false,1,2026-08-02T05:43:28.201Z,2026-08-02T05:43:39.977Z,11776,,,google-images-326-local-v1.1.0,d8ae0f4ef77567b4dcf8f15635b11c140810c3b991a8134a99997e11ad6a1d9e
V187,187,产品横幅,google_images,https://www.google.com/search?tbm=isch&q=%E4%BA%A7%E5%93%81%E6%A8%AA%E5%B9%85&hl=en,screenshots/V187__query.jpg,success,200,false,false,1,2026-08-02T05:43:49.917Z,2026-08-02T05:43:56.337Z,6420,,,google-images-326-local-v1.1.0,d8ae0f4ef77567b4dcf8f15635b11c140810c3b991a8134a99997e11ad6a1d9e
V188,188,product banner,google_images,https://www.google.com/search?tbm=isch&q=product%20banner&hl=en,screenshots/V188__product-banner.jpg,success,200,false,false,1,2026-08-02T05:44:09.203Z,2026-08-02T05:44:14.176Z,4973,,,google-images-326-local-v1.1.0,d8ae0f4ef77567b4dcf8f15635b11c140810c3b991a8134a99997e11ad6a1d9e
V189,189,促销海报,google_images,https://www.google.com/search?tbm=isch&q=%E4%BF%83%E9%94%80%E6%B5%B7%E6%8A%A5&hl=en,screenshots/V189__query.jpg,success,200,false,false,1,2026-08-02T05:44:24.089Z,2026-08-02T05:44:30.363Z,6274,,,google-images-326-local-v1.1.0,d8ae0f4ef77567b4dcf8f15635b11c140810c3b991a8134a99997e11ad6a1d9e
V190,190,sale poster,google_images,https://www.google.com/search?tbm=isch&q=sale%20poster&hl=en,screenshots/V190__sale-poster.jpg,success,200,false,false,1,2026-08-02T05:44:39.195Z,2026-08-02T05:44:56.615Z,17420,,,google-images-326-local-v1.1.0,d8ae0f4ef77567b4dcf8f15635b11c140810c3b991a8134a99997e11ad6a1d9e
V191,191,折扣传单,google_images,https://www.google.com/search?tbm=isch&q=%E6%8A%98%E6%89%A3%E4%BC%A0%E5%8D%95&hl=en,screenshots/V191__query.jpg,success,200,false,false,1,2026-08-02T05:45:03.899Z,2026-08-02T05:45:27.711Z,23812,,,google-images-326-local-v1.1.0,d8ae0f4ef77567b4dcf8f15635b11c140810c3b991a8134a99997e11ad6a1d9e
V192,192,discount flyer,google_images,https://www.google.com/search?tbm=isch&q=discount%20flyer&hl=en,screenshots/V192__discount-flyer.jpg,success,200,false,false,1,2026-08-02T05:45:38.456Z,2026-08-02T05:46:08.916Z,30460,,,google-images-326-local-v1.1.0,d8ae0f4ef77567b4dcf8f15635b11c140810c3b991a8134a99997e11ad6a1d9e
V193,193,电商横幅,google_images,https://www.google.com/search?tbm=isch&q=%E7%94%B5%E5%95%86%E6%A8%AA%E5%B9%85&hl=en,screenshots/V193__query.jpg,success,200,false,false,1,2026-08-02T05:46:16.848Z,2026-08-02T05:46:35.633Z,18785,,,google-images-326-local-v1.1.0,d8ae0f4ef77567b4dcf8f15635b11c140810c3b991a8134a99997e11ad6a1d9e
V194,194,ecommerce banner,google_images,https://www.google.com/search?tbm=isch&q=ecommerce%20banner&hl=en,screenshots/V194__ecommerce-banner.jpg,success,200,false,false,1,2026-08-02T05:46:45.625Z,2026-08-02T05:47:06.677Z,21052,,,google-images-326-local-v1.1.0,d8ae0f4ef77567b4dcf8f15635b11c140810c3b991a8134a99997e11ad6a1d9e
V195,195,产品画册,google_images,https://www.google.com/search?tbm=isch&q=%E4%BA%A7%E5%93%81%E7%94%BB%E5%86%8C&hl=en,screenshots/V195__query.jpg,success,200,false,false,1,2026-08-02T05:47:16.722Z,2026-08-02T05:47:30.935Z,14213,,,google-images-326-local-v1.1.0,d8ae0f4ef77567b4dcf8f15635b11c140810c3b991a8134a99997e11ad6a1d9e
V196,196,product catalog,google_images,https://www.google.com/search?tbm=isch&q=product%20catalog&hl=en,screenshots/V196__product-catalog.jpg,success,200,false,false,1,2026-08-02T05:47:39.304Z,2026-08-02T05:47:46.136Z,6832,,,google-images-326-local-v1.1.0,d8ae0f4ef77567b4dcf8f15635b11c140810c3b991a8134a99997e11ad6a1d9e
V197,197,活动传单,google_images,https://www.google.com/search?tbm=isch&q=%E6%B4%BB%E5%8A%A8%E4%BC%A0%E5%8D%95&hl=en,screenshots/V197__query.jpg,success,200,false,false,1,2026-08-02T05:47:55.638Z,2026-08-02T05:48:16.604Z,20966,,,google-images-326-local-v1.1.0,d8ae0f4ef77567b4dcf8f15635b11c140810c3b991a8134a99997e11ad6a1d9e
V198,198,event flyer,google_images,https://www.google.com/search?tbm=isch&q=event%20flyer&hl=en,screenshots/V198__event-flyer.jpg,success,200,false,false,1,2026-08-02T05:48:24.179Z,2026-08-02T05:48:49.080Z,24901,,,google-images-326-local-v1.1.0,d8ae0f4ef77567b4dcf8f15635b11c140810c3b991a8134a99997e11ad6a1d9e
V199,199,开业横幅,google_images,https://www.google.com/search?tbm=isch&q=%E5%BC%80%E4%B8%9A%E6%A8%AA%E5%B9%85&hl=en,screenshots/V199__query.jpg,success,200,false,false,1,2026-08-02T05:48:56.600Z,2026-08-02T05:49:12.274Z,15674,,,google-images-326-local-v1.1.0,d8ae0f4ef77567b4dcf8f15635b11c140810c3b991a8134a99997e11ad6a1d9e
V200,200,grand opening banner,google_images,https://www.google.com/search?tbm=isch&q=grand%20opening%20banner&hl=en,screenshots/V200__grand-opening-banner.jpg,success,200,false,false,1,2026-08-02T05:49:25.190Z,2026-08-02T05:49:45.106Z,19916,,,google-images-326-local-v1.1.0,d8ae0f4ef77567b4dcf8f15635b11c140810c3b991a8134a99997e11ad6a1d9e
V201,201,节日促销横幅,google_images,https://www.google.com/search?tbm=isch&q=%E8%8A%82%E6%97%A5%E4%BF%83%E9%94%80%E6%A8%AA%E5%B9%85&hl=en,screenshots/V201__query.jpg,success,200,false,false,1,2026-08-02T05:49:53.334Z,2026-08-02T05:50:20.281Z,26947,,,google-images-326-local-v1.1.0,d8ae0f4ef77567b4dcf8f15635b11c140810c3b991a8134a99997e11ad6a1d9e
V202,202,holiday sale banner,google_images,https://www.google.com/search?tbm=isch&q=holiday%20sale%20banner&hl=en,screenshots/V202__holiday-sale-banner.jpg,success,200,false,false,1,2026-08-02T05:50:28.391Z,2026-08-02T05:51:02.464Z,34073,,,google-images-326-local-v1.1.0,d8ae0f4ef77567b4dcf8f15635b11c140810c3b991a8134a99997e11ad6a1d9e
V203,203,新品横幅,google_images,https://www.google.com/search?tbm=isch&q=%E6%96%B0%E5%93%81%E6%A8%AA%E5%B9%85&hl=en,screenshots/V203__query.jpg,success,200,false,false,1,2026-08-02T05:51:13.463Z,2026-08-02T05:51:42.396Z,28933,,,google-images-326-local-v1.1.0,d8ae0f4ef77567b4dcf8f15635b11c140810c3b991a8134a99997e11ad6a1d9e
V204,204,new arrival banner,google_images,https://www.google.com/search?tbm=isch&q=new%20arrival%20banner&hl=en,screenshots/V204__new-arrival-banner.jpg,success,200,false,false,1,2026-08-02T05:51:49.776Z,2026-08-02T05:52:25.429Z,35653,,,google-images-326-local-v1.1.0,d8ae0f4ef77567b4dcf8f15635b11c140810c3b991a8134a99997e11ad6a1d9e
V205,205,限时促销海报,google_images,https://www.google.com/search?tbm=isch&q=%E9%99%90%E6%97%B6%E4%BF%83%E9%94%80%E6%B5%B7%E6%8A%A5&hl=en,screenshots/V205__query.jpg,success,200,false,false,1,2026-08-02T05:52:37.591Z,2026-08-02T05:53:10.238Z,32647,,,google-images-326-local-v1.1.0,d8ae0f4ef77567b4dcf8f15635b11c140810c3b991a8134a99997e11ad6a1d9e
V206,206,flash sale poster,google_images,https://www.google.com/search?tbm=isch&q=flash%20sale%20poster&hl=en,screenshots/V206__flash-sale-poster.jpg,success,200,false,false,1,2026-08-02T05:53:21.314Z,2026-08-02T05:53:53.015Z,31701,,,google-images-326-local-v1.1.0,d8ae0f4ef77567b4dcf8f15635b11c140810c3b991a8134a99997e11ad6a1d9e
V207,207,清仓促销横幅,google_images,https://www.google.com/search?tbm=isch&q=%E6%B8%85%E4%BB%93%E4%BF%83%E9%94%80%E6%A8%AA%E5%B9%85&hl=en,screenshots/V207__query.jpg,success,200,false,false,1,2026-08-02T05:54:04.631Z,2026-08-02T05:54:32.449Z,27818,,,google-images-326-local-v1.1.0,d8ae0f4ef77567b4dcf8f15635b11c140810c3b991a8134a99997e11ad6a1d9e
V208,208,clearance sale banner,google_images,https://www.google.com/search?tbm=isch&q=clearance%20sale%20banner&hl=en,screenshots/V208__clearance-sale-banner.jpg,success,200,false,false,1,2026-08-02T05:54:43.140Z,2026-08-02T05:55:00.009Z,16869,,,google-images-326-local-v1.1.0,d8ae0f4ef77567b4dcf8f15635b11c140810c3b991a8134a99997e11ad6a1d9e
V209,209,产品详情图,google_images,https://www.google.com/search?tbm=isch&q=%E4%BA%A7%E5%93%81%E8%AF%A6%E6%83%85%E5%9B%BE&hl=en,screenshots/V209__query.jpg,success,200,false,false,1,2026-08-02T05:55:11.188Z,2026-08-02T05:55:24.842Z,13654,,,google-images-326-local-v1.1.0,d8ae0f4ef77567b4dcf8f15635b11c140810c3b991a8134a99997e11ad6a1d9e
V210,210,product listing image,google_images,https://www.google.com/search?tbm=isch&q=product%20listing%20image&hl=en,screenshots/V210__product-listing-image.jpg,success,200,false,false,1,2026-08-02T05:55:36.197Z,2026-08-02T05:55:52.112Z,15915,,,google-images-326-local-v1.1.0,d8ae0f4ef77567b4dcf8f15635b11c140810c3b991a8134a99997e11ad6a1d9e
V211,211,网店横幅,google_images,https://www.google.com/search?tbm=isch&q=%E7%BD%91%E5%BA%97%E6%A8%AA%E5%B9%85&hl=en,screenshots/V211__query.jpg,success,200,false,false,1,2026-08-02T05:56:04.647Z,2026-08-02T05:56:21.932Z,17285,,,google-images-326-local-v1.1.0,d8ae0f4ef77567b4dcf8f15635b11c140810c3b991a8134a99997e11ad6a1d9e
V212,212,online store banner,google_images,https://www.google.com/search?tbm=isch&q=online%20store%20banner&hl=en,screenshots/V212__online-store-banner.jpg,success,200,false,false,1,2026-08-02T05:56:34.218Z,2026-08-02T05:56:50.227Z,16009,,,google-images-326-local-v1.1.0,d8ae0f4ef77567b4dcf8f15635b11c140810c3b991a8134a99997e11ad6a1d9e
V213,213,社交媒体广告,google_images,https://www.google.com/search?tbm=isch&q=%E7%A4%BE%E4%BA%A4%E5%AA%92%E4%BD%93%E5%B9%BF%E5%91%8A&hl=en,screenshots/V213__query.jpg,success,200,false,false,1,2026-08-02T05:57:01.702Z,2026-08-02T05:57:24.590Z,22888,,,google-images-326-local-v1.1.0,d8ae0f4ef77567b4dcf8f15635b11c140810c3b991a8134a99997e11ad6a1d9e
V214,214,social media ad,google_images,https://www.google.com/search?tbm=isch&q=social%20media%20ad&hl=en,screenshots/V214__social-media-ad.jpg,success,200,false,false,1,2026-08-02T05:57:32.711Z,2026-08-02T05:57:55.514Z,22803,,,google-images-326-local-v1.1.0,d8ae0f4ef77567b4dcf8f15635b11c140810c3b991a8134a99997e11ad6a1d9e
V215,215,种草帖,google_images,https://www.google.com/search?tbm=isch&q=%E7%A7%8D%E8%8D%89%E5%B8%96&hl=en,screenshots/V215__query.jpg,success,200,false,false,1,2026-08-02T05:58:04.211Z,2026-08-02T05:58:28.924Z,24713,,,google-images-326-local-v1.1.0,d8ae0f4ef77567b4dcf8f15635b11c140810c3b991a8134a99997e11ad6a1d9e
V216,216,influencer post,google_images,https://www.google.com/search?tbm=isch&q=influencer%20post&hl=en,screenshots/V216__influencer-post.jpg,success,200,false,false,1,2026-08-02T05:58:37.046Z,2026-08-02T05:58:57.296Z,20250,,,google-images-326-local-v1.1.0,d8ae0f4ef77567b4dcf8f15635b11c140810c3b991a8134a99997e11ad6a1d9e
V217,217,开箱照,google_images,https://www.google.com/search?tbm=isch&q=%E5%BC%80%E7%AE%B1%E7%85%A7&hl=en,screenshots/V217__query.jpg,success,200,false,false,1,2026-08-02T05:59:05.432Z,2026-08-02T05:59:29.924Z,24492,,,google-images-326-local-v1.1.0,d8ae0f4ef77567b4dcf8f15635b11c140810c3b991a8134a99997e11ad6a1d9e
V218,218,unboxing photo,google_images,https://www.google.com/search?tbm=isch&q=unboxing%20photo&hl=en,screenshots/V218__unboxing-photo.jpg,success,200,false,false,1,2026-08-02T05:59:40.316Z,2026-08-02T05:59:58.873Z,18557,,,google-images-326-local-v1.1.0,d8ae0f4ef77567b4dcf8f15635b11c140810c3b991a8134a99997e11ad6a1d9e
V219,219,前后对比图,google_images,https://www.google.com/search?tbm=isch&q=%E5%89%8D%E5%90%8E%E5%AF%B9%E6%AF%94%E5%9B%BE&hl=en,screenshots/V219__query.jpg,success,200,false,false,1,2026-08-02T06:00:09.761Z,2026-08-02T06:00:28.341Z,18580,,,google-images-326-local-v1.1.0,d8ae0f4ef77567b4dcf8f15635b11c140810c3b991a8134a99997e11ad6a1d9e
V220,220,before after comparison,google_images,https://www.google.com/search?tbm=isch&q=before%20after%20comparison&hl=en,screenshots/V220__before-after-comparison.jpg,success,200,false,false,1,2026-08-02T06:00:39.213Z,2026-08-02T06:00:56.477Z,17264,,,google-images-326-local-v1.1.0,d8ae0f4ef77567b4dcf8f15635b11c140810c3b991a8134a99997e11ad6a1d9e
V221,221,优惠券,google_images,https://www.google.com/search?tbm=isch&q=%E4%BC%98%E6%83%A0%E5%88%B8&hl=en,screenshots/V221__query.jpg,success,200,false,false,1,2026-08-02T06:01:04.024Z,2026-08-02T06:01:25.393Z,21369,,,google-images-326-local-v1.1.0,d8ae0f4ef77567b4dcf8f15635b11c140810c3b991a8134a99997e11ad6a1d9e
V222,222,discount coupon,google_images,https://www.google.com/search?tbm=isch&q=discount%20coupon&hl=en,screenshots/V222__discount-coupon.jpg,success,200,false,false,1,2026-08-02T06:01:35.313Z,2026-08-02T06:02:01.739Z,26426,,,google-images-326-local-v1.1.0,d8ae0f4ef77567b4dcf8f15635b11c140810c3b991a8134a99997e11ad6a1d9e
V223,223,会员卡,google_images,https://www.google.com/search?tbm=isch&q=%E4%BC%9A%E5%91%98%E5%8D%A1&hl=en,screenshots/V223__query.jpg,success,200,false,false,1,2026-08-02T06:02:13.988Z,2026-08-02T06:02:37.909Z,23921,,,google-images-326-local-v1.1.0,d8ae0f4ef77567b4dcf8f15635b11c140810c3b991a8134a99997e11ad6a1d9e
V224,224,membership card,google_images,https://www.google.com/search?tbm=isch&q=membership%20card&hl=en,screenshots/V224__membership-card.jpg,success,200,false,false,1,2026-08-02T06:02:45.926Z,2026-08-02T06:03:18.842Z,32916,,,google-images-326-local-v1.1.0,d8ae0f4ef77567b4dcf8f15635b11c140810c3b991a8134a99997e11ad6a1d9e
V225,225,积分卡,google_images,https://www.google.com/search?tbm=isch&q=%E7%A7%AF%E5%88%86%E5%8D%A1&hl=en,screenshots/V225__query.jpg,success,200,false,false,1,2026-08-02T06:03:29.828Z,2026-08-02T06:04:17.873Z,48045,,,google-images-326-local-v1.1.0,d8ae0f4ef77567b4dcf8f15635b11c140810c3b991a8134a99997e11ad6a1d9e
V226,226,loyalty card,google_images,https://www.google.com/search?tbm=isch&q=loyalty%20card&hl=en,screenshots/V226__loyalty-card.jpg,success,200,false,false,1,2026-08-02T06:04:29.200Z,2026-08-02T06:04:39.453Z,10253,,,google-images-326-local-v1.1.0,d8ae0f4ef77567b4dcf8f15635b11c140810c3b991a8134a99997e11ad6a1d9e
V227,227,礼品卡,google_images,https://www.google.com/search?tbm=isch&q=%E7%A4%BC%E5%93%81%E5%8D%A1&hl=en,screenshots/V227__query.jpg,success,200,false,false,1,2026-08-02T06:04:52.051Z,2026-08-02T06:05:24.849Z,32798,,,google-images-326-local-v1.1.0,d8ae0f4ef77567b4dcf8f15635b11c140810c3b991a8134a99997e11ad6a1d9e
V228,228,gift card,google_images,https://www.google.com/search?tbm=isch&q=gift%20card&hl=en,screenshots/V228__gift-card.jpg,success,200,false,false,1,2026-08-02T06:05:37.664Z,2026-08-02T06:06:04.318Z,26654,,,google-images-326-local-v1.1.0,d8ae0f4ef77567b4dcf8f15635b11c140810c3b991a8134a99997e11ad6a1d9e
V229,229,门店横幅,google_images,https://www.google.com/search?tbm=isch&q=%E9%97%A8%E5%BA%97%E6%A8%AA%E5%B9%85&hl=en,screenshots/V229__query.jpg,success,200,false,false,1,2026-08-02T06:06:11.891Z,2026-08-02T06:06:50.161Z,38270,,,google-images-326-local-v1.1.0,d8ae0f4ef77567b4dcf8f15635b11c140810c3b991a8134a99997e11ad6a1d9e
V230,230,storefront banner,google_images,https://www.google.com/search?tbm=isch&q=storefront%20banner&hl=en,screenshots/V230__storefront-banner.jpg,success,200,false,false,1,2026-08-02T06:23:00.525Z,2026-08-02T06:23:10.218Z,9693,,,google-images-326-local-v1.1.0,d8ae0f4ef77567b4dcf8f15635b11c140810c3b991a8134a99997e11ad6a1d9e
V231,231,橱窗展示,google_images,https://www.google.com/search?tbm=isch&q=%E6%A9%B1%E7%AA%97%E5%B1%95%E7%A4%BA&hl=en,screenshots/V231__query.jpg,success,200,false,false,1,2026-08-02T06:51:55.701Z,2026-08-02T06:52:06.135Z,10434,,,google-images-326-local-v1.1.0,d8ae0f4ef77567b4dcf8f15635b11c140810c3b991a8134a99997e11ad6a1d9e
V232,232,window display,google_images,https://www.google.com/search?tbm=isch&q=window%20display&hl=en,screenshots/V232__window-display.jpg,success,200,false,false,1,2026-08-02T06:52:26.559Z,2026-08-02T06:52:37.736Z,11177,,,google-images-326-local-v1.1.0,d8ae0f4ef77567b4dcf8f15635b11c140810c3b991a8134a99997e11ad6a1d9e
V233,233,展会展架,google_images,https://www.google.com/search?tbm=isch&q=%E5%B1%95%E4%BC%9A%E5%B1%95%E6%9E%B6&hl=en,screenshots/V233__query.jpg,success,200,false,false,1,2026-08-02T06:25:41.091Z,2026-08-02T06:26:10.496Z,29405,,,google-images-326-local-v1.1.0,d8ae0f4ef77567b4dcf8f15635b11c140810c3b991a8134a99997e11ad6a1d9e
V234,234,trade show banner,google_images,https://www.google.com/search?tbm=isch&q=trade%20show%20banner&hl=en,screenshots/V234__trade-show-banner.jpg,success,200,false,false,1,2026-08-02T06:26:19.344Z,2026-08-02T06:26:42.707Z,23363,,,google-images-326-local-v1.1.0,d8ae0f4ef77567b4dcf8f15635b11c140810c3b991a8134a99997e11ad6a1d9e
V235,235,展览传单,google_images,https://www.google.com/search?tbm=isch&q=%E5%B1%95%E8%A7%88%E4%BC%A0%E5%8D%95&hl=en,screenshots/V235__query.jpg,success,200,false,false,1,2026-08-02T06:12:54.594Z,2026-08-02T06:13:19.178Z,24584,,,google-images-326-local-v1.1.0,d8ae0f4ef77567b4dcf8f15635b11c140810c3b991a8134a99997e11ad6a1d9e
V236,236,exhibition flyer,google_images,https://www.google.com/search?tbm=isch&q=exhibition%20flyer&hl=en,screenshots/V236__exhibition-flyer.jpg,success,200,false,false,1,2026-08-02T07:01:47.430Z,2026-08-02T07:02:10.334Z,22904,,,google-images-326-local-v1.1.0,d8ae0f4ef77567b4dcf8f15635b11c140810c3b991a8134a99997e11ad6a1d9e
V237,237,新品发布海报,google_images,https://www.google.com/search?tbm=isch&q=%E6%96%B0%E5%93%81%E5%8F%91%E5%B8%83%E6%B5%B7%E6%8A%A5&hl=en,screenshots/V237__query.jpg,success,200,false,false,1,2026-08-02T07:02:20.666Z,2026-08-02T07:03:06.228Z,45562,,,google-images-326-local-v1.1.0,d8ae0f4ef77567b4dcf8f15635b11c140810c3b991a8134a99997e11ad6a1d9e
V238,238,product launch poster,google_images,https://www.google.com/search?tbm=isch&q=product%20launch%20poster&hl=en,screenshots/V238__product-launch-poster.jpg,success,200,false,false,1,2026-08-02T07:04:07.116Z,2026-08-02T07:04:21.193Z,14077,,,google-images-326-local-v1.1.0,d8ae0f4ef77567b4dcf8f15635b11c140810c3b991a8134a99997e11ad6a1d9e
V239,239,季节促销横幅,google_images,https://www.google.com/search?tbm=isch&q=%E5%AD%A3%E8%8A%82%E4%BF%83%E9%94%80%E6%A8%AA%E5%B9%85&hl=en,screenshots/V239__query.jpg,success,200,false,false,1,2026-08-02T07:04:39.601Z,2026-08-02T07:04:50.983Z,11382,,,google-images-326-local-v1.1.0,d8ae0f4ef77567b4dcf8f15635b11c140810c3b991a8134a99997e11ad6a1d9e
V240,240,seasonal sale banner,google_images,https://www.google.com/search?tbm=isch&q=seasonal%20sale%20banner&hl=en,screenshots/V240__seasonal-sale-banner.jpg,success,200,false,false,1,2026-08-02T07:05:00.321Z,2026-08-02T07:05:07.531Z,7210,,,google-images-326-local-v1.1.0,d8ae0f4ef77567b4dcf8f15635b11c140810c3b991a8134a99997e11ad6a1d9e
V241,241,黑五促销横幅,google_images,https://www.google.com/search?tbm=isch&q=%E9%BB%91%E4%BA%94%E4%BF%83%E9%94%80%E6%A8%AA%E5%B9%85&hl=en,screenshots/V241__query.jpg,success,200,false,false,1,2026-08-02T07:05:16.227Z,2026-08-02T07:05:25.307Z,9080,,,google-images-326-local-v1.1.0,d8ae0f4ef77567b4dcf8f15635b11c140810c3b991a8134a99997e11ad6a1d9e
V242,242,black friday banner,google_images,https://www.google.com/search?tbm=isch&q=black%20friday%20banner&hl=en,screenshots/V242__black-friday-banner.jpg,success,200,false,false,1,2026-08-02T07:05:34.731Z,2026-08-02T07:05:55.860Z,21129,,,google-images-326-local-v1.1.0,d8ae0f4ef77567b4dcf8f15635b11c140810c3b991a8134a99997e11ad6a1d9e
V243,243,双十一促销海报,google_images,https://www.google.com/search?tbm=isch&q=%E5%8F%8C%E5%8D%81%E4%B8%80%E4%BF%83%E9%94%80%E6%B5%B7%E6%8A%A5&hl=en,screenshots/V243__query.jpg,success,200,false,false,1,2026-08-02T07:06:06.678Z,2026-08-02T07:06:41.956Z,35278,,,google-images-326-local-v1.1.0,d8ae0f4ef77567b4dcf8f15635b11c140810c3b991a8134a99997e11ad6a1d9e
V244,244,singles day sale poster,google_images,https://www.google.com/search?tbm=isch&q=singles%20day%20sale%20poster&hl=en,screenshots/V244__singles-day-sale-poster.jpg,success,200,false,false,1,2026-08-02T07:06:51.170Z,2026-08-02T07:07:16.754Z,25584,,,google-images-326-local-v1.1.0,d8ae0f4ef77567b4dcf8f15635b11c140810c3b991a8134a99997e11ad6a1d9e
V245,245,直播预告横幅,google_images,https://www.google.com/search?tbm=isch&q=%E7%9B%B4%E6%92%AD%E9%A2%84%E5%91%8A%E6%A8%AA%E5%B9%85&hl=en,screenshots/V245__query.jpg,success,200,false,false,1,2026-08-02T07:07:28.817Z,2026-08-02T07:08:03.631Z,34814,,,google-images-326-local-v1.1.0,d8ae0f4ef77567b4dcf8f15635b11c140810c3b991a8134a99997e11ad6a1d9e
V246,246,livestream promo banner,google_images,https://www.google.com/search?tbm=isch&q=livestream%20promo%20banner&hl=en,screenshots/V246__livestream-promo-banner.jpg,success,200,false,false,1,2026-08-02T07:08:16.215Z,2026-08-02T07:08:54.351Z,38136,,,google-images-326-local-v1.1.0,d8ae0f4ef77567b4dcf8f15635b11c140810c3b991a8134a99997e11ad6a1d9e
V247,247,识字卡,google_images,https://www.google.com/search?tbm=isch&q=%E8%AF%86%E5%AD%97%E5%8D%A1&hl=en,screenshots/V247__query.jpg,success,200,false,false,1,2026-08-02T07:09:02.662Z,2026-08-02T07:09:25.075Z,22413,,,google-images-326-local-v1.1.0,d8ae0f4ef77567b4dcf8f15635b11c140810c3b991a8134a99997e11ad6a1d9e
V248,248,flashcard,google_images,https://www.google.com/search?tbm=isch&q=flashcard&hl=en,screenshots/V248__flashcard.jpg,success,200,false,false,1,2026-08-02T07:09:37.493Z,2026-08-02T07:09:54.115Z,16622,,,google-images-326-local-v1.1.0,d8ae0f4ef77567b4dcf8f15635b11c140810c3b991a8134a99997e11ad6a1d9e
V249,249,练习册,google_images,https://www.google.com/search?tbm=isch&q=%E7%BB%83%E4%B9%A0%E5%86%8C&hl=en,screenshots/V249__query.jpg,success,200,false,false,1,2026-08-02T07:10:04.803Z,2026-08-02T07:10:49.192Z,44389,,,google-images-326-local-v1.1.0,d8ae0f4ef77567b4dcf8f15635b11c140810c3b991a8134a99997e11ad6a1d9e
V250,250,worksheet,google_images,https://www.google.com/search?tbm=isch&q=worksheet&hl=en,screenshots/V250__worksheet.jpg,success,200,false,false,1,2026-08-02T07:10:57.757Z,2026-08-02T07:11:42.601Z,44843,,,google-images-326-local-v1.1.0,d8ae0f4ef77567b4dcf8f15635b11c140810c3b991a8134a99997e11ad6a1d9e
V251,251,字母卡,google_images,https://www.google.com/search?tbm=isch&q=%E5%AD%97%E6%AF%8D%E5%8D%A1&hl=en,screenshots/V251__query.jpg,success,200,false,false,1,2026-08-02T07:11:53.158Z,2026-08-02T07:12:32.081Z,38923,,,google-images-326-local-v1.1.0,d8ae0f4ef77567b4dcf8f15635b11c140810c3b991a8134a99997e11ad6a1d9e
V252,252,alphabet card,google_images,https://www.google.com/search?tbm=isch&q=alphabet%20card&hl=en,screenshots/V252__alphabet-card.jpg,success,200,false,false,1,2026-08-02T07:12:40.960Z,2026-08-02T07:13:23.737Z,42777,,,google-images-326-local-v1.1.0,d8ae0f4ef77567b4dcf8f15635b11c140810c3b991a8134a99997e11ad6a1d9e
V253,253,地图,google_images,https://www.google.com/search?tbm=isch&q=%E5%9C%B0%E5%9B%BE&hl=en,screenshots/V253__query.jpg,success,200,false,false,1,2026-08-02T07:13:36.299Z,2026-08-02T07:14:02.465Z,26166,,,google-images-326-local-v1.1.0,d8ae0f4ef77567b4dcf8f15635b11c140810c3b991a8134a99997e11ad6a1d9e
V254,254,map,google_images,https://www.google.com/search?tbm=isch&q=map&hl=en,screenshots/V254__map.jpg,success,200,false,false,1,2026-08-02T07:14:13.786Z,2026-08-02T07:14:38.945Z,25159,,,google-images-326-local-v1.1.0,d8ae0f4ef77567b4dcf8f15635b11c140810c3b991a8134a99997e11ad6a1d9e
V255,255,图解,google_images,https://www.google.com/search?tbm=isch&q=%E5%9B%BE%E8%A7%A3&hl=en,screenshots/V255__query.jpg,success,200,false,false,1,2026-08-02T07:14:48.037Z,2026-08-02T07:15:07.288Z,19251,,,google-images-326-local-v1.1.0,d8ae0f4ef77567b4dcf8f15635b11c140810c3b991a8134a99997e11ad6a1d9e
V256,256,diagram,google_images,https://www.google.com/search?tbm=isch&q=diagram&hl=en,screenshots/V256__diagram.jpg,success,200,false,false,1,2026-08-02T07:15:16.482Z,2026-08-02T07:15:45.023Z,28541,,,google-images-326-local-v1.1.0,d8ae0f4ef77567b4dcf8f15635b11c140810c3b991a8134a99997e11ad6a1d9e
V257,257,日历,google_images,https://www.google.com/search?tbm=isch&q=%E6%97%A5%E5%8E%86&hl=en,screenshots/V257__query.jpg,success,200,false,false,1,2026-08-02T07:15:54.267Z,2026-08-02T07:16:14.159Z,19892,,,google-images-326-local-v1.1.0,d8ae0f4ef77567b4dcf8f15635b11c140810c3b991a8134a99997e11ad6a1d9e
V258,258,calendar,google_images,https://www.google.com/search?tbm=isch&q=calendar&hl=en,screenshots/V258__calendar.jpg,success,200,false,false,1,2026-08-02T07:16:24.093Z,2026-08-02T07:16:44.609Z,20516,,,google-images-326-local-v1.1.0,d8ae0f4ef77567b4dcf8f15635b11c140810c3b991a8134a99997e11ad6a1d9e
V259,259,证书,google_images,https://www.google.com/search?tbm=isch&q=%E8%AF%81%E4%B9%A6&hl=en,screenshots/V259__query.jpg,success,200,false,false,1,2026-08-02T07:16:53.322Z,2026-08-02T07:17:19.753Z,26431,,,google-images-326-local-v1.1.0,d8ae0f4ef77567b4dcf8f15635b11c140810c3b991a8134a99997e11ad6a1d9e
V260,260,certificate,google_images,https://www.google.com/search?tbm=isch&q=certificate&hl=en,screenshots/V260__certificate.jpg,success,200,false,false,1,2026-08-02T07:17:29.037Z,2026-08-02T07:17:48.420Z,19383,,,google-images-326-local-v1.1.0,d8ae0f4ef77567b4dcf8f15635b11c140810c3b991a8134a99997e11ad6a1d9e
V261,261,科学海报,google_images,https://www.google.com/search?tbm=isch&q=%E7%A7%91%E5%AD%A6%E6%B5%B7%E6%8A%A5&hl=en,screenshots/V261__query.jpg,success,200,false,false,1,2026-08-02T07:17:57.236Z,2026-08-02T07:18:23.777Z,26541,,,google-images-326-local-v1.1.0,d8ae0f4ef77567b4dcf8f15635b11c140810c3b991a8134a99997e11ad6a1d9e
V262,262,science poster,google_images,https://www.google.com/search?tbm=isch&q=science%20poster&hl=en,screenshots/V262__science-poster.jpg,success,200,false,false,1,2026-08-02T07:18:31.104Z,2026-08-02T07:18:56.039Z,24935,,,google-images-326-local-v1.1.0,d8ae0f4ef77567b4dcf8f15635b11c140810c3b991a8134a99997e11ad6a1d9e
V263,263,课堂装饰海报,google_images,https://www.google.com/search?tbm=isch&q=%E8%AF%BE%E5%A0%82%E8%A3%85%E9%A5%B0%E6%B5%B7%E6%8A%A5&hl=en,screenshots/V263__query.jpg,success,200,false,false,1,2026-08-02T07:19:04.061Z,2026-08-02T07:19:22.352Z,18291,,,google-images-326-local-v1.1.0,d8ae0f4ef77567b4dcf8f15635b11c140810c3b991a8134a99997e11ad6a1d9e
V264,264,classroom poster,google_images,https://www.google.com/search?tbm=isch&q=classroom%20poster&hl=en,screenshots/V264__classroom-poster.jpg,success,200,false,false,1,2026-08-02T07:19:30.093Z,2026-08-02T07:19:49.979Z,19886,,,google-images-326-local-v1.1.0,d8ae0f4ef77567b4dcf8f15635b11c140810c3b991a8134a99997e11ad6a1d9e
V265,265,教科书,google_images,https://www.google.com/search?tbm=isch&q=%E6%95%99%E7%A7%91%E4%B9%A6&hl=en,screenshots/V265__query.jpg,success,200,false,false,1,2026-08-02T07:19:59.329Z,2026-08-02T07:20:21.508Z,22179,,,google-images-326-local-v1.1.0,d8ae0f4ef77567b4dcf8f15635b11c140810c3b991a8134a99997e11ad6a1d9e
V266,266,textbook,google_images,https://www.google.com/search?tbm=isch&q=textbook&hl=en,screenshots/V266__textbook.jpg,success,200,false,false,1,2026-08-02T07:20:32.811Z,2026-08-02T07:20:52.485Z,19674,,,google-images-326-local-v1.1.0,d8ae0f4ef77567b4dcf8f15635b11c140810c3b991a8134a99997e11ad6a1d9e
V267,267,地球仪,google_images,https://www.google.com/search?tbm=isch&q=%E5%9C%B0%E7%90%83%E4%BB%AA&hl=en,screenshots/V267__query.jpg,success,200,false,false,1,2026-08-02T07:21:03.247Z,2026-08-02T07:21:19.498Z,16251,,,google-images-326-local-v1.1.0,d8ae0f4ef77567b4dcf8f15635b11c140810c3b991a8134a99997e11ad6a1d9e
V268,268,globe,google_images,https://www.google.com/search?tbm=isch&q=globe&hl=en,screenshots/V268__globe.jpg,success,200,false,false,1,2026-08-02T07:21:31.304Z,2026-08-02T07:21:53.064Z,21760,,,google-images-326-local-v1.1.0,d8ae0f4ef77567b4dcf8f15635b11c140810c3b991a8134a99997e11ad6a1d9e
V269,269,图表,google_images,https://www.google.com/search?tbm=isch&q=%E5%9B%BE%E8%A1%A8&hl=en,screenshots/V269__query.jpg,success,200,false,false,1,2026-08-02T07:22:02.086Z,2026-08-02T07:22:08.382Z,6296,,,google-images-326-local-v1.1.0,d8ae0f4ef77567b4dcf8f15635b11c140810c3b991a8134a99997e11ad6a1d9e
V270,270,chart,google_images,https://www.google.com/search?tbm=isch&q=chart&hl=en,screenshots/V270__chart.jpg,success,200,false,false,1,2026-08-02T14:14:29.619Z,2026-08-02T14:14:38.831Z,9212,,,google-images-326-local-v1.1.0,d8ae0f4ef77567b4dcf8f15635b11c140810c3b991a8134a99997e11ad6a1d9e
V271,271,课程表,google_images,https://www.google.com/search?tbm=isch&q=%E8%AF%BE%E7%A8%8B%E8%A1%A8&hl=en,screenshots/V271__query.jpg,success,200,false,false,1,2026-08-02T14:14:49.288Z,2026-08-02T14:14:57.358Z,8070,,,google-images-326-local-v1.1.0,d8ae0f4ef77567b4dcf8f15635b11c140810c3b991a8134a99997e11ad6a1d9e
V272,272,timetable,google_images,https://www.google.com/search?tbm=isch&q=timetable&hl=en,screenshots/V272__timetable.jpg,success,200,false,false,1,2026-08-02T14:15:07.669Z,2026-08-02T14:15:16.118Z,8449,,,google-images-326-local-v1.1.0,d8ae0f4ef77567b4dcf8f15635b11c140810c3b991a8134a99997e11ad6a1d9e
V273,273,数字表,google_images,https://www.google.com/search?tbm=isch&q=%E6%95%B0%E5%AD%97%E8%A1%A8&hl=en,screenshots/V273__query.jpg,success,200,false,false,1,2026-08-02T14:15:25.205Z,2026-08-02T14:15:38.210Z,13005,,,google-images-326-local-v1.1.0,d8ae0f4ef77567b4dcf8f15635b11c140810c3b991a8134a99997e11ad6a1d9e
V274,274,number chart,google_images,https://www.google.com/search?tbm=isch&q=number%20chart&hl=en,screenshots/V274__number-chart.jpg,success,200,false,false,1,2026-08-02T14:15:46.745Z,2026-08-02T14:16:03.054Z,16309,,,google-images-326-local-v1.1.0,d8ae0f4ef77567b4dcf8f15635b11c140810c3b991a8134a99997e11ad6a1d9e
V275,275,元素周期表,google_images,https://www.google.com/search?tbm=isch&q=%E5%85%83%E7%B4%A0%E5%91%A8%E6%9C%9F%E8%A1%A8&hl=en,screenshots/V275__query.jpg,success,200,false,false,1,2026-08-02T14:16:15.886Z,2026-08-02T14:16:32.287Z,16401,,,google-images-326-local-v1.1.0,d8ae0f4ef77567b4dcf8f15635b11c140810c3b991a8134a99997e11ad6a1d9e
V276,276,periodic table,google_images,https://www.google.com/search?tbm=isch&q=periodic%20table&hl=en,screenshots/V276__periodic-table.jpg,success,200,false,false,1,2026-08-02T14:16:40.005Z,2026-08-02T14:16:57.004Z,16999,,,google-images-326-local-v1.1.0,d8ae0f4ef77567b4dcf8f15635b11c140810c3b991a8134a99997e11ad6a1d9e
V277,277,世界地图,google_images,https://www.google.com/search?tbm=isch&q=%E4%B8%96%E7%95%8C%E5%9C%B0%E5%9B%BE&hl=en,screenshots/V277__query.jpg,success,200,false,false,1,2026-08-02T14:17:08.560Z,2026-08-02T14:17:31.046Z,22486,,,google-images-326-local-v1.1.0,d8ae0f4ef77567b4dcf8f15635b11c140810c3b991a8134a99997e11ad6a1d9e
V278,278,world map,google_images,https://www.google.com/search?tbm=isch&q=world%20map&hl=en,screenshots/V278__world-map.jpg,success,200,false,false,1,2026-08-02T14:17:41.759Z,2026-08-02T14:18:02.840Z,21081,,,google-images-326-local-v1.1.0,d8ae0f4ef77567b4dcf8f15635b11c140810c3b991a8134a99997e11ad6a1d9e
V279,279,拼读卡,google_images,https://www.google.com/search?tbm=isch&q=%E6%8B%BC%E8%AF%BB%E5%8D%A1&hl=en,screenshots/V279__query.jpg,success,200,false,false,1,2026-08-02T14:18:15.617Z,2026-08-02T14:18:39.893Z,24276,,,google-images-326-local-v1.1.0,d8ae0f4ef77567b4dcf8f15635b11c140810c3b991a8134a99997e11ad6a1d9e
V280,280,phonics card,google_images,https://www.google.com/search?tbm=isch&q=phonics%20card&hl=en,screenshots/V280__phonics-card.jpg,success,200,false,false,1,2026-08-02T14:18:46.944Z,2026-08-02T14:19:05.433Z,18489,,,google-images-326-local-v1.1.0,d8ae0f4ef77567b4dcf8f15635b11c140810c3b991a8134a99997e11ad6a1d9e
V281,281,试卷,google_images,https://www.google.com/search?tbm=isch&q=%E8%AF%95%E5%8D%B7&hl=en,screenshots/V281__query.jpg,success,200,false,false,1,2026-08-02T14:19:12.528Z,2026-08-02T14:19:27.911Z,15383,,,google-images-326-local-v1.1.0,d8ae0f4ef77567b4dcf8f15635b11c140810c3b991a8134a99997e11ad6a1d9e
V282,282,exam paper,google_images,https://www.google.com/search?tbm=isch&q=exam%20paper&hl=en,screenshots/V282__exam-paper.jpg,success,200,false,false,1,2026-08-02T14:19:37.484Z,2026-08-02T14:19:55.400Z,17916,,,google-images-326-local-v1.1.0,d8ae0f4ef77567b4dcf8f15635b11c140810c3b991a8134a99997e11ad6a1d9e
V283,283,成绩单,google_images,https://www.google.com/search?tbm=isch&q=%E6%88%90%E7%BB%A9%E5%8D%95&hl=en,screenshots/V283__query.jpg,success,200,false,false,1,2026-08-02T14:20:06.948Z,2026-08-02T14:20:25.701Z,18753,,,google-images-326-local-v1.1.0,d8ae0f4ef77567b4dcf8f15635b11c140810c3b991a8134a99997e11ad6a1d9e
V284,284,report card,google_images,https://www.google.com/search?tbm=isch&q=report%20card&hl=en,screenshots/V284__report-card.jpg,success,200,false,false,1,2026-08-02T14:20:36.192Z,2026-08-02T14:20:57.387Z,21195,,,google-images-326-local-v1.1.0,d8ae0f4ef77567b4dcf8f15635b11c140810c3b991a8134a99997e11ad6a1d9e
V285,285,笔袋,google_images,https://www.google.com/search?tbm=isch&q=%E7%AC%94%E8%A2%8B&hl=en,screenshots/V285__query.jpg,success,200,false,false,1,2026-08-02T14:21:09.689Z,2026-08-02T14:21:35.829Z,26140,,,google-images-326-local-v1.1.0,d8ae0f4ef77567b4dcf8f15635b11c140810c3b991a8134a99997e11ad6a1d9e
V286,286,pencil case,google_images,https://www.google.com/search?tbm=isch&q=pencil%20case&hl=en,screenshots/V286__pencil-case.jpg,success,200,false,false,1,2026-08-02T14:54:04.857Z,2026-08-02T14:54:13.286Z,8429,,,google-images-326-local-v1.1.0,d8ae0f4ef77567b4dcf8f15635b11c140810c3b991a8134a99997e11ad6a1d9e
V287,287,黑板,google_images,https://www.google.com/search?tbm=isch&q=%E9%BB%91%E6%9D%BF&hl=en,screenshots/V287__query.jpg,success,200,false,false,1,2026-08-02T14:54:24.076Z,2026-08-02T14:54:49.059Z,24982,,,google-images-326-local-v1.1.0,d8ae0f4ef77567b4dcf8f15635b11c140810c3b991a8134a99997e11ad6a1d9e
V288,288,chalkboard,google_images,https://www.google.com/search?tbm=isch&q=chalkboard&hl=en,screenshots/V288__chalkboard.jpg,success,200,false,false,1,2026-08-02T14:55:00.043Z,2026-08-02T14:55:24.322Z,24279,,,google-images-326-local-v1.1.0,d8ae0f4ef77567b4dcf8f15635b11c140810c3b991a8134a99997e11ad6a1d9e
V289,289,白板,google_images,https://www.google.com/search?tbm=isch&q=%E7%99%BD%E6%9D%BF&hl=en,screenshots/V289__query.jpg,success,200,false,false,1,2026-08-02T14:55:32.847Z,2026-08-02T14:55:49.703Z,16856,,,google-images-326-local-v1.1.0,d8ae0f4ef77567b4dcf8f15635b11c140810c3b991a8134a99997e11ad6a1d9e
V290,290,whiteboard,google_images,https://www.google.com/search?tbm=isch&q=whiteboard&hl=en,screenshots/V290__whiteboard.jpg,success,200,false,false,1,2026-08-02T14:55:57.245Z,2026-08-02T14:56:14.001Z,16756,,,google-images-326-local-v1.1.0,d8ae0f4ef77567b4dcf8f15635b11c140810c3b991a8134a99997e11ad6a1d9e
V291,291,显微镜,google_images,https://www.google.com/search?tbm=isch&q=%E6%98%BE%E5%BE%AE%E9%95%9C&hl=en,screenshots/V291__query.jpg,success,200,false,false,1,2026-08-02T14:56:22.958Z,2026-08-02T14:56:45.463Z,22505,,,google-images-326-local-v1.1.0,d8ae0f4ef77567b4dcf8f15635b11c140810c3b991a8134a99997e11ad6a1d9e
V292,292,microscope,google_images,https://www.google.com/search?tbm=isch&q=microscope&hl=en,screenshots/V292__microscope.jpg,success,200,false,false,1,2026-08-02T14:56:57.599Z,2026-08-02T14:57:22.177Z,24578,,,google-images-326-local-v1.1.0,d8ae0f4ef77567b4dcf8f15635b11c140810c3b991a8134a99997e11ad6a1d9e
V293,293,书签,google_images,https://www.google.com/search?tbm=isch&q=%E4%B9%A6%E7%AD%BE&hl=en,screenshots/V293__query.jpg,success,200,false,false,1,2026-08-02T14:57:30.185Z,2026-08-02T14:58:04.838Z,34653,,,google-images-326-local-v1.1.0,d8ae0f4ef77567b4dcf8f15635b11c140810c3b991a8134a99997e11ad6a1d9e
V294,294,bookmark,google_images,https://www.google.com/search?tbm=isch&q=bookmark&hl=en,screenshots/V294__bookmark.jpg,success,200,false,false,1,2026-08-02T14:58:12.554Z,2026-08-02T14:58:51.182Z,38628,,,google-images-326-local-v1.1.0,d8ae0f4ef77567b4dcf8f15635b11c140810c3b991a8134a99997e11ad6a1d9e
V295,295,算盘,google_images,https://www.google.com/search?tbm=isch&q=%E7%AE%97%E7%9B%98&hl=en,screenshots/V295__query.jpg,success,200,false,false,1,2026-08-02T14:59:02.962Z,2026-08-02T14:59:31.406Z,28444,,,google-images-326-local-v1.1.0,d8ae0f4ef77567b4dcf8f15635b11c140810c3b991a8134a99997e11ad6a1d9e
V296,296,abacus,google_images,https://www.google.com/search?tbm=isch&q=abacus&hl=en,screenshots/V296__abacus.jpg,success,200,false,false,1,2026-08-02T14:59:41.975Z,2026-08-02T14:59:51.372Z,9397,,,google-images-326-local-v1.1.0,d8ae0f4ef77567b4dcf8f15635b11c140810c3b991a8134a99997e11ad6a1d9e
V297,297,练习本,google_images,https://www.google.com/search?tbm=isch&q=%E7%BB%83%E4%B9%A0%E6%9C%AC&hl=en,screenshots/V297__query.jpg,success,200,false,false,2,2026-08-02T15:00:03.072Z,2026-08-02T15:00:51.685Z,48613,,,google-images-326-local-v1.1.0,d8ae0f4ef77567b4dcf8f15635b11c140810c3b991a8134a99997e11ad6a1d9e
V298,298,workbook,google_images,https://www.google.com/search?tbm=isch&q=workbook&hl=en,screenshots/V298__workbook.jpg,success,200,false,false,1,2026-08-02T15:01:03.757Z,2026-08-02T15:01:28.167Z,24410,,,google-images-326-local-v1.1.0,d8ae0f4ef77567b4dcf8f15635b11c140810c3b991a8134a99997e11ad6a1d9e
V299,299,单词卡,google_images,https://www.google.com/search?tbm=isch&q=%E5%8D%95%E8%AF%8D%E5%8D%A1&hl=en,screenshots/V299__query.jpg,success,200,false,false,1,2026-08-02T15:01:40.366Z,2026-08-02T15:01:59.061Z,18695,,,google-images-326-local-v1.1.0,d8ae0f4ef77567b4dcf8f15635b11c140810c3b991a8134a99997e11ad6a1d9e
V300,300,vocabulary card,google_images,https://www.google.com/search?tbm=isch&q=vocabulary%20card&hl=en,screenshots/V300__vocabulary-card.jpg,success,200,false,false,1,2026-08-02T15:02:06.320Z,2026-08-02T15:02:36.421Z,30101,,,google-images-326-local-v1.1.0,d8ae0f4ef77567b4dcf8f15635b11c140810c3b991a8134a99997e11ad6a1d9e
V301,301,拼写卡,google_images,https://www.google.com/search?tbm=isch&q=%E6%8B%BC%E5%86%99%E5%8D%A1&hl=en,screenshots/V301__query.jpg,success,200,false,false,2,2026-08-02T15:02:48.111Z,2026-08-02T15:03:48.251Z,60140,,,google-images-326-local-v1.1.0,d8ae0f4ef77567b4dcf8f15635b11c140810c3b991a8134a99997e11ad6a1d9e
V302,302,spelling card,google_images,https://www.google.com/search?tbm=isch&q=spelling%20card&hl=en,screenshots/V302__spelling-card.jpg,success,200,false,false,1,2026-08-02T15:03:59.548Z,2026-08-02T15:04:33.731Z,34183,,,google-images-326-local-v1.1.0,d8ae0f4ef77567b4dcf8f15635b11c140810c3b991a8134a99997e11ad6a1d9e
V303,303,数学练习册,google_images,https://www.google.com/search?tbm=isch&q=%E6%95%B0%E5%AD%A6%E7%BB%83%E4%B9%A0%E5%86%8C&hl=en,screenshots/V303__query.jpg,success,200,false,false,1,2026-08-02T15:04:44.933Z,2026-08-02T15:05:19.595Z,34662,,,google-images-326-local-v1.1.0,d8ae0f4ef77567b4dcf8f15635b11c140810c3b991a8134a99997e11ad6a1d9e
V304,304,math worksheet,google_images,https://www.google.com/search?tbm=isch&q=math%20worksheet&hl=en,screenshots/V304__math-worksheet.jpg,success,200,false,false,1,2026-08-02T15:05:31.264Z,2026-08-02T15:05:55.041Z,23777,,,google-images-326-local-v1.1.0,d8ae0f4ef77567b4dcf8f15635b11c140810c3b991a8134a99997e11ad6a1d9e
V305,305,阅读练习册,google_images,https://www.google.com/search?tbm=isch&q=%E9%98%85%E8%AF%BB%E7%BB%83%E4%B9%A0%E5%86%8C&hl=en,screenshots/V305__query.jpg,success,200,false,false,1,2026-08-02T15:06:03.737Z,2026-08-02T15:06:19.451Z,15714,,,google-images-326-local-v1.1.0,d8ae0f4ef77567b4dcf8f15635b11c140810c3b991a8134a99997e11ad6a1d9e
V306,306,reading worksheet,google_images,https://www.google.com/search?tbm=isch&q=reading%20worksheet&hl=en,screenshots/V306__reading-worksheet.jpg,success,200,false,false,1,2026-08-02T15:06:32.016Z,2026-08-02T15:07:04.416Z,32400,,,google-images-326-local-v1.1.0,d8ae0f4ef77567b4dcf8f15635b11c140810c3b991a8134a99997e11ad6a1d9e
V307,307,科学图解,google_images,https://www.google.com/search?tbm=isch&q=%E7%A7%91%E5%AD%A6%E5%9B%BE%E8%A7%A3&hl=en,screenshots/V307__query.jpg,success,200,false,false,1,2026-08-02T15:07:16.617Z,2026-08-02T15:07:25.875Z,9258,,,google-images-326-local-v1.1.0,d8ae0f4ef77567b4dcf8f15635b11c140810c3b991a8134a99997e11ad6a1d9e
V308,308,science diagram,google_images,https://www.google.com/search?tbm=isch&q=science%20diagram&hl=en,screenshots/V308__science-diagram.jpg,success,200,false,false,1,2026-08-02T15:07:35.642Z,2026-08-02T15:08:00.339Z,24697,,,google-images-326-local-v1.1.0,d8ae0f4ef77567b4dcf8f15635b11c140810c3b991a8134a99997e11ad6a1d9e
V309,309,人体图解,google_images,https://www.google.com/search?tbm=isch&q=%E4%BA%BA%E4%BD%93%E5%9B%BE%E8%A7%A3&hl=en,screenshots/V309__query.jpg,success,200,false,false,1,2026-08-02T15:08:11.711Z,2026-08-02T15:08:32.039Z,20328,,,google-images-326-local-v1.1.0,d8ae0f4ef77567b4dcf8f15635b11c140810c3b991a8134a99997e11ad6a1d9e
V310,310,anatomy chart,google_images,https://www.google.com/search?tbm=isch&q=anatomy%20chart&hl=en,screenshots/V310__anatomy-chart.jpg,success,200,false,false,1,2026-08-02T15:08:40.554Z,2026-08-02T15:09:10.171Z,29617,,,google-images-326-local-v1.1.0,d8ae0f4ef77567b4dcf8f15635b11c140810c3b991a8134a99997e11ad6a1d9e
V311,311,动物识字卡,google_images,https://www.google.com/search?tbm=isch&q=%E5%8A%A8%E7%89%A9%E8%AF%86%E5%AD%97%E5%8D%A1&hl=en,screenshots/V311__query.jpg,success,200,false,false,1,2026-08-02T15:09:20.834Z,2026-08-02T15:09:52.544Z,31710,,,google-images-326-local-v1.1.0,d8ae0f4ef77567b4dcf8f15635b11c140810c3b991a8134a99997e11ad6a1d9e
V312,312,animal flashcard,google_images,https://www.google.com/search?tbm=isch&q=animal%20flashcard&hl=en,screenshots/V312__animal-flashcard.jpg,success,200,false,false,1,2026-08-02T15:09:59.649Z,2026-08-02T15:10:40.567Z,40918,,,google-images-326-local-v1.1.0,d8ae0f4ef77567b4dcf8f15635b11c140810c3b991a8134a99997e11ad6a1d9e
V313,313,字母海报,google_images,https://www.google.com/search?tbm=isch&q=%E5%AD%97%E6%AF%8D%E6%B5%B7%E6%8A%A5&hl=en,screenshots/V313__query.jpg,success,200,false,false,1,2026-08-02T15:10:48.048Z,2026-08-02T15:11:17.166Z,29118,,,google-images-326-local-v1.1.0,d8ae0f4ef77567b4dcf8f15635b11c140810c3b991a8134a99997e11ad6a1d9e
V314,314,alphabet poster,google_images,https://www.google.com/search?tbm=isch&q=alphabet%20poster&hl=en,screenshots/V314__alphabet-poster.jpg,success,200,false,false,1,2026-08-02T15:11:24.560Z,2026-08-02T15:11:57.827Z,33267,,,google-images-326-local-v1.1.0,d8ae0f4ef77567b4dcf8f15635b11c140810c3b991a8134a99997e11ad6a1d9e
V315,315,荣誉证书,google_images,https://www.google.com/search?tbm=isch&q=%E8%8D%A3%E8%AA%89%E8%AF%81%E4%B9%A6&hl=en,screenshots/V315__query.jpg,success,200,false,false,1,2026-08-02T15:12:05.340Z,2026-08-02T15:12:23.514Z,18174,,,google-images-326-local-v1.1.0,d8ae0f4ef77567b4dcf8f15635b11c140810c3b991a8134a99997e11ad6a1d9e
V316,316,achievement certificate,google_images,https://www.google.com/search?tbm=isch&q=achievement%20certificate&hl=en,screenshots/V316__achievement-certificate.jpg,success,200,false,false,1,2026-08-02T15:12:33.307Z,2026-08-02T15:12:59.867Z,26560,,,google-images-326-local-v1.1.0,d8ae0f4ef77567b4dcf8f15635b11c140810c3b991a8134a99997e11ad6a1d9e
V317,317,毕业证,google_images,https://www.google.com/search?tbm=isch&q=%E6%AF%95%E4%B8%9A%E8%AF%81&hl=en,screenshots/V317__query.jpg,success,200,false,false,1,2026-08-02T15:13:12.017Z,2026-08-02T15:13:40.862Z,28844,,,google-images-326-local-v1.1.0,d8ae0f4ef77567b4dcf8f15635b11c140810c3b991a8134a99997e11ad6a1d9e
V318,318,diploma,google_images,https://www.google.com/search?tbm=isch&q=diploma&hl=en,screenshots/V318__diploma.jpg,success,200,false,false,1,2026-08-02T15:13:51.115Z,2026-08-02T15:14:18.443Z,27328,,,google-images-326-local-v1.1.0,d8ae0f4ef77567b4dcf8f15635b11c140810c3b991a8134a99997e11ad6a1d9e
V319,319,校历,google_images,https://www.google.com/search?tbm=isch&q=%E6%A0%A1%E5%8E%86&hl=en,screenshots/V319__query.jpg,success,200,false,false,1,2026-08-02T15:14:25.979Z,2026-08-02T15:14:55.019Z,29040,,,google-images-326-local-v1.1.0,d8ae0f4ef77567b4dcf8f15635b11c140810c3b991a8134a99997e11ad6a1d9e
V320,320,school calendar,google_images,https://www.google.com/search?tbm=isch&q=school%20calendar&hl=en,screenshots/V320__school-calendar.jpg,success,200,false,false,2,2026-08-02T15:15:03.646Z,2026-08-02T15:16:35.081Z,91435,,,google-images-326-local-v1.1.0,d8ae0f4ef77567b4dcf8f15635b11c140810c3b991a8134a99997e11ad6a1d9e
V321,321,教室装饰,google_images,https://www.google.com/search?tbm=isch&q=%E6%95%99%E5%AE%A4%E8%A3%85%E9%A5%B0&hl=en,screenshots/V321__query.jpg,success,200,false,false,1,2026-08-02T15:16:46.205Z,2026-08-02T15:17:25.300Z,39095,,,google-images-326-local-v1.1.0,d8ae0f4ef77567b4dcf8f15635b11c140810c3b991a8134a99997e11ad6a1d9e
V322,322,classroom decoration,google_images,https://www.google.com/search?tbm=isch&q=classroom%20decoration&hl=en,screenshots/V322__classroom-decoration.jpg,success,200,false,false,1,2026-08-02T15:17:37.697Z,2026-08-02T15:18:18.907Z,41210,,,google-images-326-local-v1.1.0,d8ae0f4ef77567b4dcf8f15635b11c140810c3b991a8134a99997e11ad6a1d9e
V323,323,学习图表,google_images,https://www.google.com/search?tbm=isch&q=%E5%AD%A6%E4%B9%A0%E5%9B%BE%E8%A1%A8&hl=en,screenshots/V323__query.jpg,success,200,false,false,1,2026-08-02T15:18:29.357Z,2026-08-02T15:18:47.266Z,17909,,,google-images-326-local-v1.1.0,d8ae0f4ef77567b4dcf8f15635b11c140810c3b991a8134a99997e11ad6a1d9e
V324,324,learning chart,google_images,https://www.google.com/search?tbm=isch&q=learning%20chart&hl=en,screenshots/V324__learning-chart.jpg,success,200,false,false,1,2026-08-02T15:18:55.134Z,2026-08-02T15:19:17.109Z,21975,,,google-images-326-local-v1.1.0,d8ae0f4ef77567b4dcf8f15635b11c140810c3b991a8134a99997e11ad6a1d9e
V325,325,贴纸奖励表,google_images,https://www.google.com/search?tbm=isch&q=%E8%B4%B4%E7%BA%B8%E5%A5%96%E5%8A%B1%E8%A1%A8&hl=en,screenshots/V325__query.jpg,success,200,false,false,1,2026-08-02T15:19:27.927Z,2026-08-02T15:19:45.049Z,17122,,,google-images-326-local-v1.1.0,d8ae0f4ef77567b4dcf8f15635b11c140810c3b991a8134a99997e11ad6a1d9e
V326,326,reward chart,google_images,https://www.google.com/search?tbm=isch&q=reward%20chart&hl=en,screenshots/V326__reward-chart.jpg,success,200,false,false,1,2026-08-01T14:59:27.463Z,2026-08-01T14:59:47.820Z,20357,,,google-images-326-local-v1.1.0,d8ae0f4ef77567b4dcf8f15635b11c140810c3b991a8134a99997e11ad6a1d9e
