query_id,source_row,query,platform,search_url,screenshot_path,status,page_status,result_count_observed,attempt_count,started_at,completed_at,duration_ms,error_type,error_message,collector_version,input_sha256,requested_search_url,final_url,page_type,redirect_detected,redirect_target,capture_method,capture_status,exception_type
V001,1,玩具,curify,https://www.curify-ai.com/search?q=%E7%8E%A9%E5%85%B7,screenshots/V001__query.jpg,success,200,9,1,2026-08-02T16:02:54.859Z,2026-08-02T16:03:12.795Z,17936,,,curify-326-local-v1.0.0,d8ae0f4ef77567b4dcf8f15635b11c140810c3b991a8134a99997e11ad6a1d9e,https://www.curify-ai.com/search?q=%E7%8E%A9%E5%85%B7,https://www.curify-ai.com/search?q=%E7%8E%A9%E5%85%B7,search_results,false,,automated,valid_product_response,
V002,2,toy,curify,https://www.curify-ai.com/search?q=toy,screenshots/V002__toy.jpg,success,200,6,1,2026-08-02T16:05:00.972Z,2026-08-02T16:05:18.634Z,17662,,,curify-326-local-v1.0.0,d8ae0f4ef77567b4dcf8f15635b11c140810c3b991a8134a99997e11ad6a1d9e,https://www.curify-ai.com/search?q=toy,https://www.curify-ai.com/search?q=toy,search_results,false,,automated,valid_product_response,
V003,3,手办,curify,https://www.curify-ai.com/search?q=%E6%89%8B%E5%8A%9E,screenshots/V003__query.jpg,success,200,11,1,2026-08-02T16:05:21.849Z,2026-08-02T16:05:39.880Z,18031,,,curify-326-local-v1.0.0,d8ae0f4ef77567b4dcf8f15635b11c140810c3b991a8134a99997e11ad6a1d9e,https://www.curify-ai.com/search?q=%E6%89%8B%E5%8A%9E,https://www.curify-ai.com/search?q=%E6%89%8B%E5%8A%9E,search_results,false,,automated,valid_product_response,
V004,4,figure,curify,https://www.curify-ai.com/search?q=figure,screenshots/V004__figure.jpg,success,200,36,1,2026-08-02T16:05:43.910Z,2026-08-02T16:06:02.435Z,18525,,,curify-326-local-v1.0.0,d8ae0f4ef77567b4dcf8f15635b11c140810c3b991a8134a99997e11ad6a1d9e,https://www.curify-ai.com/search?q=figure,https://www.curify-ai.com/search?q=figure,search_results,false,,automated,valid_product_response,
V005,5,毛绒玩具,curify,https://www.curify-ai.com/search?q=%E6%AF%9B%E7%BB%92%E7%8E%A9%E5%85%B7,screenshots/V005__query.jpg,success,200,7,1,2026-08-02T16:06:06.646Z,2026-08-02T16:06:26.401Z,19755,,,curify-326-local-v1.0.0,d8ae0f4ef77567b4dcf8f15635b11c140810c3b991a8134a99997e11ad6a1d9e,https://www.curify-ai.com/search?q=%E6%AF%9B%E7%BB%92%E7%8E%A9%E5%85%B7,https://www.curify-ai.com/search?q=%E6%AF%9B%E7%BB%92%E7%8E%A9%E5%85%B7,search_results,false,,automated,valid_product_response,
V006,6,plush,curify,https://www.curify-ai.com/search?q=plush,screenshots/V006__plush.jpg,success,200,6,1,2026-08-02T16:06:31.169Z,2026-08-02T16:06:47.098Z,15929,,,curify-326-local-v1.0.0,d8ae0f4ef77567b4dcf8f15635b11c140810c3b991a8134a99997e11ad6a1d9e,https://www.curify-ai.com/search?q=plush,https://www.curify-ai.com/search?q=plush,search_results,false,,automated,valid_product_response,
V007,7,娃娃,curify,https://www.curify-ai.com/search?q=%E5%A8%83%E5%A8%83,screenshots/V007__query.jpg,success,200,10,1,2026-08-02T16:06:53.639Z,2026-08-02T16:07:27.567Z,33928,,,curify-326-local-v1.0.0,d8ae0f4ef77567b4dcf8f15635b11c140810c3b991a8134a99997e11ad6a1d9e,https://www.curify-ai.com/search?q=%E5%A8%83%E5%A8%83,https://www.curify-ai.com/search?q=%E5%A8%83%E5%A8%83,search_results,false,,automated,valid_product_response,
V008,8,doll,curify,https://www.curify-ai.com/search?q=doll,screenshots/V008__doll.jpg,success,200,6,1,2026-08-02T16:07:31.534Z,2026-08-02T16:07:44.648Z,13114,,,curify-326-local-v1.0.0,d8ae0f4ef77567b4dcf8f15635b11c140810c3b991a8134a99997e11ad6a1d9e,https://www.curify-ai.com/search?q=doll,https://www.curify-ai.com/search?q=doll,search_results,false,,automated,valid_product_response,
V009,9,吉祥物,curify,https://www.curify-ai.com/search?q=%E5%90%89%E7%A5%A5%E7%89%A9,screenshots/V009__query.jpg,success,200,27,1,2026-08-02T16:07:48.366Z,2026-08-02T16:08:05.952Z,17586,,,curify-326-local-v1.0.0,d8ae0f4ef77567b4dcf8f15635b11c140810c3b991a8134a99997e11ad6a1d9e,https://www.curify-ai.com/search?q=%E5%90%89%E7%A5%A5%E7%89%A9,https://www.curify-ai.com/search?q=%E5%90%89%E7%A5%A5%E7%89%A9,search_results,false,,automated,valid_product_response,
V010,10,mascot,curify,https://www.curify-ai.com/search?q=mascot,screenshots/V010__mascot.jpg,success,200,30,1,2026-08-02T16:08:09.520Z,2026-08-02T16:08:32.055Z,22535,,,curify-326-local-v1.0.0,d8ae0f4ef77567b4dcf8f15635b11c140810c3b991a8134a99997e11ad6a1d9e,https://www.curify-ai.com/search?q=mascot,https://www.curify-ai.com/search?q=mascot,search_results,false,,automated,valid_product_response,
V011,11,卡通形象,curify,https://www.curify-ai.com/search?q=%E5%8D%A1%E9%80%9A%E5%BD%A2%E8%B1%A1,screenshots/V011__query.jpg,success,200,9,1,2026-08-02T16:10:12.098Z,2026-08-02T16:10:31.847Z,19749,,,curify-326-local-v1.0.0,d8ae0f4ef77567b4dcf8f15635b11c140810c3b991a8134a99997e11ad6a1d9e,https://www.curify-ai.com/search?q=%E5%8D%A1%E9%80%9A%E5%BD%A2%E8%B1%A1,https://www.curify-ai.com/search?q=%E5%8D%A1%E9%80%9A%E5%BD%A2%E8%B1%A1,search_results,false,,automated,valid_product_response,
V012,12,character,curify,https://www.curify-ai.com/search?q=character,screenshots/V012__character.jpg,success,200,,3,2026-08-03T03:40:00Z,2026-08-03T03:40:00Z,42229,,,curify-326-topic-redirect-retry-v1.0.0,d8ae0f4ef77567b4dcf8f15635b11c140810c3b991a8134a99997e11ad6a1d9e,https://www.curify-ai.com/search?q=character,https://www.curify-ai.com/topics/character,topic_redirect,true,https://www.curify-ai.com/topics/character,automated_retry,valid_product_response,stale_search_box_text
V013,13,贴纸,curify,https://www.curify-ai.com/search?q=%E8%B4%B4%E7%BA%B8,screenshots/V013__query.jpg,success,200,36,1,2026-08-02T16:10:59.580Z,2026-08-02T16:11:18.300Z,18719,,,curify-326-local-v1.0.0,d8ae0f4ef77567b4dcf8f15635b11c140810c3b991a8134a99997e11ad6a1d9e,https://www.curify-ai.com/search?q=%E8%B4%B4%E7%BA%B8,https://www.curify-ai.com/search?q=%E8%B4%B4%E7%BA%B8,search_results,false,,automated,valid_product_response,
V014,14,sticker,curify,https://www.curify-ai.com/search?q=sticker,screenshots/V014__sticker.jpg,success,200,36,1,2026-08-02T16:11:21.906Z,2026-08-02T16:11:41.409Z,19503,,,curify-326-local-v1.0.0,d8ae0f4ef77567b4dcf8f15635b11c140810c3b991a8134a99997e11ad6a1d9e,https://www.curify-ai.com/search?q=sticker,https://www.curify-ai.com/search?q=sticker,search_results,false,,automated,valid_product_response,
V015,15,钥匙扣,curify,https://www.curify-ai.com/search?q=%E9%92%A5%E5%8C%99%E6%89%A3,screenshots/V015__query.jpg,success,200,11,1,2026-08-02T16:11:47.055Z,2026-08-02T16:12:01.262Z,14207,,,curify-326-local-v1.0.0,d8ae0f4ef77567b4dcf8f15635b11c140810c3b991a8134a99997e11ad6a1d9e,https://www.curify-ai.com/search?q=%E9%92%A5%E5%8C%99%E6%89%A3,https://www.curify-ai.com/search?q=%E9%92%A5%E5%8C%99%E6%89%A3,search_results,false,,automated,valid_product_response,
V016,16,keychain,curify,https://www.curify-ai.com/search?q=keychain,screenshots/V016__keychain.jpg,success,200,11,1,2026-08-02T16:12:06.936Z,2026-08-02T16:12:38.755Z,31819,,,curify-326-local-v1.0.0,d8ae0f4ef77567b4dcf8f15635b11c140810c3b991a8134a99997e11ad6a1d9e,https://www.curify-ai.com/search?q=keychain,https://www.curify-ai.com/search?q=keychain,search_results,false,,automated,valid_product_response,
V017,17,收藏品,curify,https://www.curify-ai.com/search?q=%E6%94%B6%E8%97%8F%E5%93%81,screenshots/V017__query.jpg,success,200,12,1,2026-08-02T16:12:44.475Z,2026-08-02T16:13:10.230Z,25755,,,curify-326-local-v1.0.0,d8ae0f4ef77567b4dcf8f15635b11c140810c3b991a8134a99997e11ad6a1d9e,https://www.curify-ai.com/search?q=%E6%94%B6%E8%97%8F%E5%93%81,https://www.curify-ai.com/search?q=%E6%94%B6%E8%97%8F%E5%93%81,search_results,false,,automated,valid_product_response,
V018,18,collectible,curify,https://www.curify-ai.com/search?q=collectible,screenshots/V018__collectible.jpg,success,200,36,1,2026-08-02T16:13:13.355Z,2026-08-02T16:13:35.670Z,22315,,,curify-326-local-v1.0.0,d8ae0f4ef77567b4dcf8f15635b11c140810c3b991a8134a99997e11ad6a1d9e,https://www.curify-ai.com/search?q=collectible,https://www.curify-ai.com/search?q=collectible,search_results,false,,automated,valid_product_response,
V019,19,盲盒,curify,https://www.curify-ai.com/search?q=%E7%9B%B2%E7%9B%92,screenshots/V019__query.jpg,success,200,8,1,2026-08-02T16:13:39.853Z,2026-08-02T16:13:58.418Z,18565,,,curify-326-local-v1.0.0,d8ae0f4ef77567b4dcf8f15635b11c140810c3b991a8134a99997e11ad6a1d9e,https://www.curify-ai.com/search?q=%E7%9B%B2%E7%9B%92,https://www.curify-ai.com/search?q=%E7%9B%B2%E7%9B%92,search_results,false,,automated,valid_product_response,
V020,20,blind box,curify,https://www.curify-ai.com/search?q=blind%20box,screenshots/V020__blind-box.jpg,success,200,29,1,2026-08-02T16:14:02.153Z,2026-08-02T16:14:21.887Z,19733,,,curify-326-local-v1.0.0,d8ae0f4ef77567b4dcf8f15635b11c140810c3b991a8134a99997e11ad6a1d9e,https://www.curify-ai.com/search?q=blind%20box,https://www.curify-ai.com/search?q=blind%20box,search_results,false,,automated,valid_product_response,
V021,21,动作人偶,curify,https://www.curify-ai.com/search?q=%E5%8A%A8%E4%BD%9C%E4%BA%BA%E5%81%B6,screenshots/V021__query.jpg,success,200,21,1,2026-08-02T16:14:27.936Z,2026-08-02T16:14:45.971Z,18035,,,curify-326-local-v1.0.0,d8ae0f4ef77567b4dcf8f15635b11c140810c3b991a8134a99997e11ad6a1d9e,https://www.curify-ai.com/search?q=%E5%8A%A8%E4%BD%9C%E4%BA%BA%E5%81%B6,https://www.curify-ai.com/search?q=%E5%8A%A8%E4%BD%9C%E4%BA%BA%E5%81%B6,search_results,false,,automated,valid_product_response,
V022,22,action figure,curify,https://www.curify-ai.com/search?q=action%20figure,screenshots/V022__action-figure.jpg,success,200,36,1,2026-08-02T16:14:50.767Z,2026-08-02T16:15:08.965Z,18198,,,curify-326-local-v1.0.0,d8ae0f4ef77567b4dcf8f15635b11c140810c3b991a8134a99997e11ad6a1d9e,https://www.curify-ai.com/search?q=action%20figure,https://www.curify-ai.com/search?q=action%20figure,search_results,false,,automated,valid_product_response,
V023,23,泰迪熊,curify,https://www.curify-ai.com/search?q=%E6%B3%B0%E8%BF%AA%E7%86%8A,screenshots/V023__query.jpg,success,200,7,1,2026-08-02T16:15:12.999Z,2026-08-02T16:15:29.384Z,16385,,,curify-326-local-v1.0.0,d8ae0f4ef77567b4dcf8f15635b11c140810c3b991a8134a99997e11ad6a1d9e,https://www.curify-ai.com/search?q=%E6%B3%B0%E8%BF%AA%E7%86%8A,https://www.curify-ai.com/search?q=%E6%B3%B0%E8%BF%AA%E7%86%8A,search_results,false,,automated,valid_product_response,
V024,24,teddy bear,curify,https://www.curify-ai.com/search?q=teddy%20bear,screenshots/V024__teddy-bear.jpg,success,200,7,1,2026-08-02T16:15:33.010Z,2026-08-02T16:15:48.940Z,15929,,,curify-326-local-v1.0.0,d8ae0f4ef77567b4dcf8f15635b11c140810c3b991a8134a99997e11ad6a1d9e,https://www.curify-ai.com/search?q=teddy%20bear,https://www.curify-ai.com/search?q=teddy%20bear,search_results,false,,automated,valid_product_response,
V025,25,扭蛋,curify,https://www.curify-ai.com/search?q=%E6%89%AD%E8%9B%8B,screenshots/V025__query.jpg,success,200,22,1,2026-08-02T16:15:53.494Z,2026-08-02T16:16:11.358Z,17864,,,curify-326-local-v1.0.0,d8ae0f4ef77567b4dcf8f15635b11c140810c3b991a8134a99997e11ad6a1d9e,https://www.curify-ai.com/search?q=%E6%89%AD%E8%9B%8B,https://www.curify-ai.com/search?q=%E6%89%AD%E8%9B%8B,search_results,false,,automated,valid_product_response,
V026,26,capsule toy,curify,https://www.curify-ai.com/search?q=capsule%20toy,screenshots/V026__capsule-toy.jpg,success,200,19,1,2026-08-02T16:16:18.210Z,2026-08-02T16:16:32.670Z,14460,,,curify-326-local-v1.0.0,d8ae0f4ef77567b4dcf8f15635b11c140810c3b991a8134a99997e11ad6a1d9e,https://www.curify-ai.com/search?q=capsule%20toy,https://www.curify-ai.com/search?q=capsule%20toy,search_results,false,,automated,valid_product_response,
V027,27,卡牌,curify,https://www.curify-ai.com/search?q=%E5%8D%A1%E7%89%8C,screenshots/V027__query.jpg,success,200,21,1,2026-08-02T16:16:37.346Z,2026-08-02T16:16:56.569Z,19223,,,curify-326-local-v1.0.0,d8ae0f4ef77567b4dcf8f15635b11c140810c3b991a8134a99997e11ad6a1d9e,https://www.curify-ai.com/search?q=%E5%8D%A1%E7%89%8C,https://www.curify-ai.com/search?q=%E5%8D%A1%E7%89%8C,search_results,false,,automated,valid_product_response,
V028,28,trading card,curify,https://www.curify-ai.com/search?q=trading%20card,screenshots/V028__trading-card.jpg,success,200,36,1,2026-08-02T16:17:01.799Z,2026-08-02T16:17:21.592Z,19793,,,curify-326-local-v1.0.0,d8ae0f4ef77567b4dcf8f15635b11c140810c3b991a8134a99997e11ad6a1d9e,https://www.curify-ai.com/search?q=trading%20card,https://www.curify-ai.com/search?q=trading%20card,search_results,false,,automated,valid_product_response,
V029,29,模型,curify,https://www.curify-ai.com/search?q=%E6%A8%A1%E5%9E%8B,screenshots/V029__query.jpg,success,200,30,1,2026-08-02T16:17:27.944Z,2026-08-02T16:17:48.633Z,20689,,,curify-326-local-v1.0.0,d8ae0f4ef77567b4dcf8f15635b11c140810c3b991a8134a99997e11ad6a1d9e,https://www.curify-ai.com/search?q=%E6%A8%A1%E5%9E%8B,https://www.curify-ai.com/search?q=%E6%A8%A1%E5%9E%8B,search_results,false,,automated,valid_product_response,
V030,30,model kit,curify,https://www.curify-ai.com/search?q=model%20kit,screenshots/V030__model-kit.jpg,success,200,28,1,2026-08-02T16:17:52.756Z,2026-08-02T16:18:11.813Z,19057,,,curify-326-local-v1.0.0,d8ae0f4ef77567b4dcf8f15635b11c140810c3b991a8134a99997e11ad6a1d9e,https://www.curify-ai.com/search?q=model%20kit,https://www.curify-ai.com/search?q=model%20kit,search_results,false,,automated,valid_product_response,
V031,31,雕像,curify,https://www.curify-ai.com/search?q=%E9%9B%95%E5%83%8F,screenshots/V031__query.jpg,success,200,4,1,2026-08-02T16:18:17.436Z,2026-08-02T16:18:38.509Z,21073,,,curify-326-local-v1.0.0,d8ae0f4ef77567b4dcf8f15635b11c140810c3b991a8134a99997e11ad6a1d9e,https://www.curify-ai.com/search?q=%E9%9B%95%E5%83%8F,https://www.curify-ai.com/search?q=%E9%9B%95%E5%83%8F,search_results,false,,automated,valid_product_response,
V032,32,statue,curify,https://www.curify-ai.com/search?q=statue,screenshots/V032__statue.jpg,success,200,8,1,2026-08-02T16:18:44.481Z,2026-08-02T16:19:00.705Z,16224,,,curify-326-local-v1.0.0,d8ae0f4ef77567b4dcf8f15635b11c140810c3b991a8134a99997e11ad6a1d9e,https://www.curify-ai.com/search?q=statue,https://www.curify-ai.com/search?q=statue,search_results,false,,automated,valid_product_response,
V033,33,帆布袋,curify,https://www.curify-ai.com/search?q=%E5%B8%86%E5%B8%83%E8%A2%8B,screenshots/V033__query.jpg,success,200,9,1,2026-08-02T16:19:05.720Z,2026-08-02T16:19:18.689Z,12969,,,curify-326-local-v1.0.0,d8ae0f4ef77567b4dcf8f15635b11c140810c3b991a8134a99997e11ad6a1d9e,https://www.curify-ai.com/search?q=%E5%B8%86%E5%B8%83%E8%A2%8B,https://www.curify-ai.com/search?q=%E5%B8%86%E5%B8%83%E8%A2%8B,search_results,false,,automated,valid_product_response,
V034,34,tote bag,curify,https://www.curify-ai.com/search?q=tote%20bag,screenshots/V034__tote-bag.jpg,success,200,15,1,2026-08-02T16:19:22.676Z,2026-08-02T16:20:04.202Z,41526,,,curify-326-local-v1.0.0,d8ae0f4ef77567b4dcf8f15635b11c140810c3b991a8134a99997e11ad6a1d9e,https://www.curify-ai.com/search?q=tote%20bag,https://www.curify-ai.com/search?q=tote%20bag,search_results,false,,automated,valid_product_response,
V035,35,手机壳,curify,https://www.curify-ai.com/search?q=%E6%89%8B%E6%9C%BA%E5%A3%B3,screenshots/V035__query.jpg,success,200,4,1,2026-08-02T16:20:08.278Z,2026-08-02T16:20:30.089Z,21811,,,curify-326-local-v1.0.0,d8ae0f4ef77567b4dcf8f15635b11c140810c3b991a8134a99997e11ad6a1d9e,https://www.curify-ai.com/search?q=%E6%89%8B%E6%9C%BA%E5%A3%B3,https://www.curify-ai.com/search?q=%E6%89%8B%E6%9C%BA%E5%A3%B3,search_results,false,,automated,valid_product_response,
V036,36,phone case,curify,https://www.curify-ai.com/search?q=phone%20case,screenshots/V036__phone-case.jpg,success,200,15,1,2026-08-02T16:20:33.530Z,2026-08-02T16:21:03.871Z,30341,,,curify-326-local-v1.0.0,d8ae0f4ef77567b4dcf8f15635b11c140810c3b991a8134a99997e11ad6a1d9e,https://www.curify-ai.com/search?q=phone%20case,https://www.curify-ai.com/search?q=phone%20case,search_results,false,,automated,valid_product_response,
V037,37,徽章,curify,https://www.curify-ai.com/search?q=%E5%BE%BD%E7%AB%A0,screenshots/V037__query.jpg,success,200,20,1,2026-08-02T16:21:08.193Z,2026-08-02T16:21:36.214Z,28020,,,curify-326-local-v1.0.0,d8ae0f4ef77567b4dcf8f15635b11c140810c3b991a8134a99997e11ad6a1d9e,https://www.curify-ai.com/search?q=%E5%BE%BD%E7%AB%A0,https://www.curify-ai.com/search?q=%E5%BE%BD%E7%AB%A0,search_results,false,,automated,valid_product_response,
V038,38,badge,curify,https://www.curify-ai.com/search?q=badge,screenshots/V038__badge.jpg,success,200,21,1,2026-08-02T16:21:40.160Z,2026-08-02T16:22:08.116Z,27956,,,curify-326-local-v1.0.0,d8ae0f4ef77567b4dcf8f15635b11c140810c3b991a8134a99997e11ad6a1d9e,https://www.curify-ai.com/search?q=badge,https://www.curify-ai.com/search?q=badge,search_results,false,,automated,valid_product_response,
V039,39,胸针,curify,https://www.curify-ai.com/search?q=%E8%83%B8%E9%92%88,screenshots/V039__query.jpg,success,200,8,1,2026-08-02T16:22:12.463Z,2026-08-02T16:22:54.584Z,42121,,,curify-326-local-v1.0.0,d8ae0f4ef77567b4dcf8f15635b11c140810c3b991a8134a99997e11ad6a1d9e,https://www.curify-ai.com/search?q=%E8%83%B8%E9%92%88,https://www.curify-ai.com/search?q=%E8%83%B8%E9%92%88,search_results,false,,automated,valid_product_response,
V040,40,enamel pin,curify,https://www.curify-ai.com/search?q=enamel%20pin,screenshots/V040__enamel-pin.jpg,success,200,23,1,2026-08-02T16:23:01.151Z,2026-08-02T16:23:21.058Z,19907,,,curify-326-local-v1.0.0,d8ae0f4ef77567b4dcf8f15635b11c140810c3b991a8134a99997e11ad6a1d9e,https://www.curify-ai.com/search?q=enamel%20pin,https://www.curify-ai.com/search?q=enamel%20pin,search_results,false,,automated,valid_product_response,
V041,41,冰箱贴,curify,https://www.curify-ai.com/search?q=%E5%86%B0%E7%AE%B1%E8%B4%B4,screenshots/V041__query.jpg,success,200,26,1,2026-08-02T16:23:25.287Z,2026-08-02T16:23:53.380Z,28093,,,curify-326-local-v1.0.0,d8ae0f4ef77567b4dcf8f15635b11c140810c3b991a8134a99997e11ad6a1d9e,https://www.curify-ai.com/search?q=%E5%86%B0%E7%AE%B1%E8%B4%B4,https://www.curify-ai.com/search?q=%E5%86%B0%E7%AE%B1%E8%B4%B4,search_results,false,,automated,valid_product_response,
V042,42,magnet,curify,https://www.curify-ai.com/search?q=magnet,screenshots/V042__magnet.jpg,success,200,7,1,2026-08-02T16:24:00.127Z,2026-08-02T16:24:12.331Z,12204,,,curify-326-local-v1.0.0,d8ae0f4ef77567b4dcf8f15635b11c140810c3b991a8134a99997e11ad6a1d9e,https://www.curify-ai.com/search?q=magnet,https://www.curify-ai.com/search?q=magnet,search_results,false,,automated,valid_product_response,
V043,43,挂绳,curify,https://www.curify-ai.com/search?q=%E6%8C%82%E7%BB%B3,screenshots/V043__query.jpg,success,200,4,1,2026-08-02T16:24:15.540Z,2026-08-02T16:24:28.054Z,12514,,,curify-326-local-v1.0.0,d8ae0f4ef77567b4dcf8f15635b11c140810c3b991a8134a99997e11ad6a1d9e,https://www.curify-ai.com/search?q=%E6%8C%82%E7%BB%B3,https://www.curify-ai.com/search?q=%E6%8C%82%E7%BB%B3,search_results,false,,automated,valid_product_response,
V044,44,lanyard,curify,https://www.curify-ai.com/search?q=lanyard,screenshots/V044__lanyard.jpg,success,200,4,1,2026-08-02T16:24:33.851Z,2026-08-02T16:24:44.464Z,10612,,,curify-326-local-v1.0.0,d8ae0f4ef77567b4dcf8f15635b11c140810c3b991a8134a99997e11ad6a1d9e,https://www.curify-ai.com/search?q=lanyard,https://www.curify-ai.com/search?q=lanyard,search_results,false,,automated,valid_product_response,
V045,45,迷你手办,curify,https://www.curify-ai.com/search?q=%E8%BF%B7%E4%BD%A0%E6%89%8B%E5%8A%9E,screenshots/V045__query.jpg,success,200,23,1,2026-08-02T16:24:49.271Z,2026-08-02T16:25:01.698Z,12427,,,curify-326-local-v1.0.0,d8ae0f4ef77567b4dcf8f15635b11c140810c3b991a8134a99997e11ad6a1d9e,https://www.curify-ai.com/search?q=%E8%BF%B7%E4%BD%A0%E6%89%8B%E5%8A%9E,https://www.curify-ai.com/search?q=%E8%BF%B7%E4%BD%A0%E6%89%8B%E5%8A%9E,search_results,false,,automated,valid_product_response,
V046,46,mini figure,curify,https://www.curify-ai.com/search?q=mini%20figure,screenshots/V046__mini-figure.jpg,success,200,35,1,2026-08-02T16:25:07.478Z,2026-08-02T16:25:26.811Z,19333,,,curify-326-local-v1.0.0,d8ae0f4ef77567b4dcf8f15635b11c140810c3b991a8134a99997e11ad6a1d9e,https://www.curify-ai.com/search?q=mini%20figure,https://www.curify-ai.com/search?q=mini%20figure,search_results,false,,automated,valid_product_response,
V047,47,潮流公仔,curify,https://www.curify-ai.com/search?q=%E6%BD%AE%E6%B5%81%E5%85%AC%E4%BB%94,screenshots/V047__query.jpg,success,200,23,1,2026-08-02T16:25:30.488Z,2026-08-02T16:26:14.352Z,43864,,,curify-326-local-v1.0.0,d8ae0f4ef77567b4dcf8f15635b11c140810c3b991a8134a99997e11ad6a1d9e,https://www.curify-ai.com/search?q=%E6%BD%AE%E6%B5%81%E5%85%AC%E4%BB%94,https://www.curify-ai.com/search?q=%E6%BD%AE%E6%B5%81%E5%85%AC%E4%BB%94,search_results,false,,automated,valid_product_response,
V048,48,vinyl toy,curify,https://www.curify-ai.com/search?q=vinyl%20toy,screenshots/V048__vinyl-toy.jpg,success,200,14,1,2026-08-02T16:26:18.286Z,2026-08-02T16:26:41.187Z,22901,,,curify-326-local-v1.0.0,d8ae0f4ef77567b4dcf8f15635b11c140810c3b991a8134a99997e11ad6a1d9e,https://www.curify-ai.com/search?q=vinyl%20toy,https://www.curify-ai.com/search?q=vinyl%20toy,search_results,false,,automated,valid_product_response,
V049,49,潮流手办,curify,https://www.curify-ai.com/search?q=%E6%BD%AE%E6%B5%81%E6%89%8B%E5%8A%9E,screenshots/V049__query.jpg,success,200,11,1,2026-08-02T16:26:46.825Z,2026-08-02T16:27:01.314Z,14489,,,curify-326-local-v1.0.0,d8ae0f4ef77567b4dcf8f15635b11c140810c3b991a8134a99997e11ad6a1d9e,https://www.curify-ai.com/search?q=%E6%BD%AE%E6%B5%81%E6%89%8B%E5%8A%9E,https://www.curify-ai.com/search?q=%E6%BD%AE%E6%B5%81%E6%89%8B%E5%8A%9E,search_results,false,,automated,valid_product_response,
V050,50,pop figure,curify,https://www.curify-ai.com/search?q=pop%20figure,screenshots/V050__pop-figure.jpg,success,200,36,1,2026-08-02T16:27:05.457Z,2026-08-02T16:27:26.425Z,20968,,,curify-326-local-v1.0.0,d8ae0f4ef77567b4dcf8f15635b11c140810c3b991a8134a99997e11ad6a1d9e,https://www.curify-ai.com/search?q=pop%20figure,https://www.curify-ai.com/search?q=pop%20figure,search_results,false,,automated,valid_product_response,
V051,51,惊喜盒子,curify,https://www.curify-ai.com/search?q=%E6%83%8A%E5%96%9C%E7%9B%92%E5%AD%90,screenshots/V051__query.jpg,success,200,21,1,2026-08-02T16:27:33.425Z,2026-08-02T16:27:46.772Z,13347,,,curify-326-local-v1.0.0,d8ae0f4ef77567b4dcf8f15635b11c140810c3b991a8134a99997e11ad6a1d9e,https://www.curify-ai.com/search?q=%E6%83%8A%E5%96%9C%E7%9B%92%E5%AD%90,https://www.curify-ai.com/search?q=%E6%83%8A%E5%96%9C%E7%9B%92%E5%AD%90,search_results,false,,automated,valid_product_response,
V052,52,mystery box,curify,https://www.curify-ai.com/search?q=mystery%20box,screenshots/V052__mystery-box.jpg,success,200,24,1,2026-08-02T16:27:51.416Z,2026-08-02T16:28:15.300Z,23884,,,curify-326-local-v1.0.0,d8ae0f4ef77567b4dcf8f15635b11c140810c3b991a8134a99997e11ad6a1d9e,https://www.curify-ai.com/search?q=mystery%20box,https://www.curify-ai.com/search?q=mystery%20box,search_results,false,,automated,valid_product_response,
V053,53,挂件,curify,https://www.curify-ai.com/search?q=%E6%8C%82%E4%BB%B6,screenshots/V053__query.jpg,success,200,10,1,2026-08-02T16:28:22.074Z,2026-08-02T16:28:37.792Z,15718,,,curify-326-local-v1.0.0,d8ae0f4ef77567b4dcf8f15635b11c140810c3b991a8134a99997e11ad6a1d9e,https://www.curify-ai.com/search?q=%E6%8C%82%E4%BB%B6,https://www.curify-ai.com/search?q=%E6%8C%82%E4%BB%B6,search_results,false,,automated,valid_product_response,
V054,54,charm,curify,https://www.curify-ai.com/search?q=charm,screenshots/V054__charm.jpg,success,200,4,1,2026-08-02T16:28:41.601Z,2026-08-02T16:28:54.494Z,12892,,,curify-326-local-v1.0.0,d8ae0f4ef77567b4dcf8f15635b11c140810c3b991a8134a99997e11ad6a1d9e,https://www.curify-ai.com/search?q=charm,https://www.curify-ai.com/search?q=charm,search_results,false,,automated,valid_product_response,
V055,55,马克杯,curify,https://www.curify-ai.com/search?q=%E9%A9%AC%E5%85%8B%E6%9D%AF,screenshots/V055__query.jpg,success,200,9,1,2026-08-02T16:29:00.089Z,2026-08-02T16:29:12.255Z,12166,,,curify-326-local-v1.0.0,d8ae0f4ef77567b4dcf8f15635b11c140810c3b991a8134a99997e11ad6a1d9e,https://www.curify-ai.com/search?q=%E9%A9%AC%E5%85%8B%E6%9D%AF,https://www.curify-ai.com/search?q=%E9%A9%AC%E5%85%8B%E6%9D%AF,search_results,false,,automated,valid_product_response,
V056,56,collectible mug,curify,https://www.curify-ai.com/search?q=collectible%20mug,screenshots/V056__collectible-mug.jpg,success,200,36,1,2026-08-02T16:29:18.544Z,2026-08-02T16:29:38.465Z,19921,,,curify-326-local-v1.0.0,d8ae0f4ef77567b4dcf8f15635b11c140810c3b991a8134a99997e11ad6a1d9e,https://www.curify-ai.com/search?q=collectible%20mug,https://www.curify-ai.com/search?q=collectible%20mug,search_results,false,,automated,valid_product_response,
V057,57,抱枕,curify,https://www.curify-ai.com/search?q=%E6%8A%B1%E6%9E%95,screenshots/V057__query.jpg,success,200,7,1,2026-08-02T16:29:42.522Z,2026-08-02T16:29:55.160Z,12638,,,curify-326-local-v1.0.0,d8ae0f4ef77567b4dcf8f15635b11c140810c3b991a8134a99997e11ad6a1d9e,https://www.curify-ai.com/search?q=%E6%8A%B1%E6%9E%95,https://www.curify-ai.com/search?q=%E6%8A%B1%E6%9E%95,search_results,false,,automated,valid_product_response,
V058,58,plush pillow,curify,https://www.curify-ai.com/search?q=plush%20pillow,screenshots/V058__plush-pillow.jpg,success,200,23,1,2026-08-02T16:29:58.636Z,2026-08-02T16:30:16.365Z,17729,,,curify-326-local-v1.0.0,d8ae0f4ef77567b4dcf8f15635b11c140810c3b991a8134a99997e11ad6a1d9e,https://www.curify-ai.com/search?q=plush%20pillow,https://www.curify-ai.com/search?q=plush%20pillow,search_results,false,,automated,valid_product_response,
V059,59,拼图,curify,https://www.curify-ai.com/search?q=%E6%8B%BC%E5%9B%BE,screenshots/V059__query.jpg,success,200,7,1,2026-08-02T16:30:22.905Z,2026-08-02T16:30:44.469Z,21563,,,curify-326-local-v1.0.0,d8ae0f4ef77567b4dcf8f15635b11c140810c3b991a8134a99997e11ad6a1d9e,https://www.curify-ai.com/search?q=%E6%8B%BC%E5%9B%BE,https://www.curify-ai.com/search?q=%E6%8B%BC%E5%9B%BE,search_results,false,,automated,valid_product_response,
V060,60,puzzle,curify,https://www.curify-ai.com/search?q=puzzle,screenshots/V060__puzzle.jpg,success,200,4,1,2026-08-02T16:30:47.692Z,2026-08-02T16:31:01.950Z,14258,,,curify-326-local-v1.0.0,d8ae0f4ef77567b4dcf8f15635b11c140810c3b991a8134a99997e11ad6a1d9e,https://www.curify-ai.com/search?q=puzzle,https://www.curify-ai.com/search?q=puzzle,search_results,false,,automated,valid_product_response,
V061,61,积木,curify,https://www.curify-ai.com/search?q=%E7%A7%AF%E6%9C%A8,screenshots/V061__query.jpg,success,200,9,1,2026-08-02T16:34:22.019Z,2026-08-02T16:34:42.360Z,20341,,,curify-326-local-v1.0.0,d8ae0f4ef77567b4dcf8f15635b11c140810c3b991a8134a99997e11ad6a1d9e,https://www.curify-ai.com/search?q=%E7%A7%AF%E6%9C%A8,https://www.curify-ai.com/search?q=%E7%A7%AF%E6%9C%A8,search_results,false,,automated,valid_product_response,
V062,62,building blocks,curify,https://www.curify-ai.com/search?q=building%20blocks,screenshots/V062__building-blocks.jpg,success,200,14,1,2026-08-02T16:34:45.462Z,2026-08-02T16:35:00.207Z,14745,,,curify-326-local-v1.0.0,d8ae0f4ef77567b4dcf8f15635b11c140810c3b991a8134a99997e11ad6a1d9e,https://www.curify-ai.com/search?q=building%20blocks,https://www.curify-ai.com/search?q=building%20blocks,search_results,false,,automated,valid_product_response,
V063,63,公仔盒,curify,https://www.curify-ai.com/search?q=%E5%85%AC%E4%BB%94%E7%9B%92,screenshots/V063__query.jpg,success,200,8,1,2026-08-02T16:35:05.076Z,2026-08-02T16:35:17.675Z,12599,,,curify-326-local-v1.0.0,d8ae0f4ef77567b4dcf8f15635b11c140810c3b991a8134a99997e11ad6a1d9e,https://www.curify-ai.com/search?q=%E5%85%AC%E4%BB%94%E7%9B%92,https://www.curify-ai.com/search?q=%E5%85%AC%E4%BB%94%E7%9B%92,search_results,false,,automated,valid_product_response,
V064,64,sticker pack,curify,https://www.curify-ai.com/search?q=sticker%20pack,screenshots/V064__sticker-pack.jpg,success,200,31,1,2026-08-02T16:35:22.075Z,2026-08-02T16:35:39.410Z,17335,,,curify-326-local-v1.0.0,d8ae0f4ef77567b4dcf8f15635b11c140810c3b991a8134a99997e11ad6a1d9e,https://www.curify-ai.com/search?q=sticker%20pack,https://www.curify-ai.com/search?q=sticker%20pack,search_results,false,,automated,valid_product_response,
V065,65,文创手办,curify,https://www.curify-ai.com/search?q=%E6%96%87%E5%88%9B%E6%89%8B%E5%8A%9E,screenshots/V065__query.jpg,success,200,15,1,2026-08-02T16:35:44.752Z,2026-08-02T16:35:57.981Z,13229,,,curify-326-local-v1.0.0,d8ae0f4ef77567b4dcf8f15635b11c140810c3b991a8134a99997e11ad6a1d9e,https://www.curify-ai.com/search?q=%E6%96%87%E5%88%9B%E6%89%8B%E5%8A%9E,https://www.curify-ai.com/search?q=%E6%96%87%E5%88%9B%E6%89%8B%E5%8A%9E,search_results,false,,automated,valid_product_response,
V066,66,cultural relic figure,curify,https://www.curify-ai.com/search?q=cultural%20relic%20figure,screenshots/V066__cultural-relic-figure.jpg,success,200,35,1,2026-08-02T16:36:03.342Z,2026-08-02T16:36:22.066Z,18724,,,curify-326-local-v1.0.0,d8ae0f4ef77567b4dcf8f15635b11c140810c3b991a8134a99997e11ad6a1d9e,https://www.curify-ai.com/search?q=cultural%20relic%20figure,https://www.curify-ai.com/search?q=cultural%20relic%20figure,search_results,false,,automated,valid_product_response,
V067,67,博物馆文创,curify,https://www.curify-ai.com/search?q=%E5%8D%9A%E7%89%A9%E9%A6%86%E6%96%87%E5%88%9B,screenshots/V067__query.jpg,success,200,12,1,2026-08-02T16:36:28.641Z,2026-08-02T16:36:43.895Z,15254,,,curify-326-local-v1.0.0,d8ae0f4ef77567b4dcf8f15635b11c140810c3b991a8134a99997e11ad6a1d9e,https://www.curify-ai.com/search?q=%E5%8D%9A%E7%89%A9%E9%A6%86%E6%96%87%E5%88%9B,https://www.curify-ai.com/search?q=%E5%8D%9A%E7%89%A9%E9%A6%86%E6%96%87%E5%88%9B,search_results,false,,automated,valid_product_response,
V068,68,museum souvenir,curify,https://www.curify-ai.com/search?q=museum%20souvenir,screenshots/V068__museum-souvenir.jpg,success,200,27,1,2026-08-02T16:36:47.343Z,2026-08-02T16:37:05.584Z,18241,,,curify-326-local-v1.0.0,d8ae0f4ef77567b4dcf8f15635b11c140810c3b991a8134a99997e11ad6a1d9e,https://www.curify-ai.com/search?q=museum%20souvenir,https://www.curify-ai.com/search?q=museum%20souvenir,search_results,false,,automated,valid_product_response,
V069,69,国潮公仔,curify,https://www.curify-ai.com/search?q=%E5%9B%BD%E6%BD%AE%E5%85%AC%E4%BB%94,screenshots/V069__query.jpg,success,200,23,1,2026-08-02T16:37:09.902Z,2026-08-02T16:37:35.247Z,25345,,,curify-326-local-v1.0.0,d8ae0f4ef77567b4dcf8f15635b11c140810c3b991a8134a99997e11ad6a1d9e,https://www.curify-ai.com/search?q=%E5%9B%BD%E6%BD%AE%E5%85%AC%E4%BB%94,https://www.curify-ai.com/search?q=%E5%9B%BD%E6%BD%AE%E5%85%AC%E4%BB%94,search_results,false,,automated,valid_product_response,
V070,70,IP figure,curify,https://www.curify-ai.com/search?q=IP%20figure,screenshots/V070__ip-figure.jpg,success,200,36,1,2026-08-02T16:37:40.418Z,2026-08-02T16:38:10.430Z,30012,,,curify-326-local-v1.0.0,d8ae0f4ef77567b4dcf8f15635b11c140810c3b991a8134a99997e11ad6a1d9e,https://www.curify-ai.com/search?q=IP%20figure,https://www.curify-ai.com/search?q=IP%20figure,search_results,false,,automated,valid_product_response,
V071,71,动漫周边,curify,https://www.curify-ai.com/search?q=%E5%8A%A8%E6%BC%AB%E5%91%A8%E8%BE%B9,screenshots/V071__query.jpg,success,200,14,1,2026-08-02T16:38:13.667Z,2026-08-02T16:38:44.707Z,31040,,,curify-326-local-v1.0.0,d8ae0f4ef77567b4dcf8f15635b11c140810c3b991a8134a99997e11ad6a1d9e,https://www.curify-ai.com/search?q=%E5%8A%A8%E6%BC%AB%E5%91%A8%E8%BE%B9,https://www.curify-ai.com/search?q=%E5%8A%A8%E6%BC%AB%E5%91%A8%E8%BE%B9,search_results,false,,automated,valid_product_response,
V072,72,anime merch,curify,https://www.curify-ai.com/search?q=anime%20merch,screenshots/V072__anime-merch.jpg,success,200,36,1,2026-08-02T16:38:51.173Z,2026-08-02T16:39:24.496Z,33323,,,curify-326-local-v1.0.0,d8ae0f4ef77567b4dcf8f15635b11c140810c3b991a8134a99997e11ad6a1d9e,https://www.curify-ai.com/search?q=anime%20merch,https://www.curify-ai.com/search?q=anime%20merch,search_results,false,,automated,valid_product_response,
V073,73,明信片套装,curify,https://www.curify-ai.com/search?q=%E6%98%8E%E4%BF%A1%E7%89%87%E5%A5%97%E8%A3%85,screenshots/V073__query.jpg,success,200,23,1,2026-08-02T16:39:29.964Z,2026-08-02T16:40:04.038Z,34074,,,curify-326-local-v1.0.0,d8ae0f4ef77567b4dcf8f15635b11c140810c3b991a8134a99997e11ad6a1d9e,https://www.curify-ai.com/search?q=%E6%98%8E%E4%BF%A1%E7%89%87%E5%A5%97%E8%A3%85,https://www.curify-ai.com/search?q=%E6%98%8E%E4%BF%A1%E7%89%87%E5%A5%97%E8%A3%85,search_results,false,,automated,valid_product_response,
V074,74,postcard set,curify,https://www.curify-ai.com/search?q=postcard%20set,screenshots/V074__postcard-set.jpg,success,200,25,1,2026-08-02T16:40:08.323Z,2026-08-02T16:40:35.890Z,27567,,,curify-326-local-v1.0.0,d8ae0f4ef77567b4dcf8f15635b11c140810c3b991a8134a99997e11ad6a1d9e,https://www.curify-ai.com/search?q=postcard%20set,https://www.curify-ai.com/search?q=postcard%20set,search_results,false,,automated,valid_product_response,
V075,75,艺术微喷,curify,https://www.curify-ai.com/search?q=%E8%89%BA%E6%9C%AF%E5%BE%AE%E5%96%B7,screenshots/V075__query.jpg,success,200,23,1,2026-08-02T16:40:40.049Z,2026-08-02T16:41:01.758Z,21709,,,curify-326-local-v1.0.0,d8ae0f4ef77567b4dcf8f15635b11c140810c3b991a8134a99997e11ad6a1d9e,https://www.curify-ai.com/search?q=%E8%89%BA%E6%9C%AF%E5%BE%AE%E5%96%B7,https://www.curify-ai.com/search?q=%E8%89%BA%E6%9C%AF%E5%BE%AE%E5%96%B7,search_results,false,,automated,valid_product_response,
V076,76,art print,curify,https://www.curify-ai.com/search?q=art%20print,screenshots/V076__art-print.jpg,success,200,36,1,2026-08-02T16:41:07.561Z,2026-08-02T16:41:27.709Z,20148,,,curify-326-local-v1.0.0,d8ae0f4ef77567b4dcf8f15635b11c140810c3b991a8134a99997e11ad6a1d9e,https://www.curify-ai.com/search?q=art%20print,https://www.curify-ai.com/search?q=art%20print,search_results,false,,automated,valid_product_response,
V077,77,摇头公仔,curify,https://www.curify-ai.com/search?q=%E6%91%87%E5%A4%B4%E5%85%AC%E4%BB%94,screenshots/V077__query.jpg,success,200,6,1,2026-08-02T16:41:34.635Z,2026-08-02T16:41:56.755Z,22120,,,curify-326-local-v1.0.0,d8ae0f4ef77567b4dcf8f15635b11c140810c3b991a8134a99997e11ad6a1d9e,https://www.curify-ai.com/search?q=%E6%91%87%E5%A4%B4%E5%85%AC%E4%BB%94,https://www.curify-ai.com/search?q=%E6%91%87%E5%A4%B4%E5%85%AC%E4%BB%94,search_results,false,,automated,valid_product_response,
V078,78,bobblehead,curify,https://www.curify-ai.com/search?q=bobblehead,screenshots/V078__bobblehead.jpg,success,200,0,1,2026-08-02T16:41:59.770Z,2026-08-02T16:42:15.273Z,15503,,,curify-326-local-v1.0.0,d8ae0f4ef77567b4dcf8f15635b11c140810c3b991a8134a99997e11ad6a1d9e,https://www.curify-ai.com/search?q=bobblehead,https://www.curify-ai.com/search?q=bobblehead,search_zero_results,false,,automated,valid_product_response,
V079,79,场景模型,curify,https://www.curify-ai.com/search?q=%E5%9C%BA%E6%99%AF%E6%A8%A1%E5%9E%8B,screenshots/V079__query.jpg,success,200,6,1,2026-08-02T16:42:18.285Z,2026-08-02T16:42:46.967Z,28682,,,curify-326-local-v1.0.0,d8ae0f4ef77567b4dcf8f15635b11c140810c3b991a8134a99997e11ad6a1d9e,https://www.curify-ai.com/search?q=%E5%9C%BA%E6%99%AF%E6%A8%A1%E5%9E%8B,https://www.curify-ai.com/search?q=%E5%9C%BA%E6%99%AF%E6%A8%A1%E5%9E%8B,search_results,false,,automated,valid_product_response,
V080,80,diorama,curify,https://www.curify-ai.com/search?q=diorama,screenshots/V080__diorama.jpg,success,200,4,1,2026-08-02T16:42:53.863Z,2026-08-02T16:43:06.450Z,12587,,,curify-326-local-v1.0.0,d8ae0f4ef77567b4dcf8f15635b11c140810c3b991a8134a99997e11ad6a1d9e,https://www.curify-ai.com/search?q=diorama,https://www.curify-ai.com/search?q=diorama,search_results,false,,automated,valid_product_response,
V081,81,角色卡通贴纸,curify,https://www.curify-ai.com/search?q=%E8%A7%92%E8%89%B2%E5%8D%A1%E9%80%9A%E8%B4%B4%E7%BA%B8,screenshots/V081__query.jpg,success,200,24,1,2026-08-02T16:43:13.213Z,2026-08-02T16:43:31.876Z,18663,,,curify-326-local-v1.0.0,d8ae0f4ef77567b4dcf8f15635b11c140810c3b991a8134a99997e11ad6a1d9e,https://www.curify-ai.com/search?q=%E8%A7%92%E8%89%B2%E5%8D%A1%E9%80%9A%E8%B4%B4%E7%BA%B8,https://www.curify-ai.com/search?q=%E8%A7%92%E8%89%B2%E5%8D%A1%E9%80%9A%E8%B4%B4%E7%BA%B8,search_results,false,,automated,valid_product_response,
V082,82,character sticker pack,curify,https://www.curify-ai.com/search?q=character%20sticker%20pack,screenshots/V082__character-sticker-pack.jpg,success,200,31,1,2026-08-02T16:43:37.883Z,2026-08-02T16:44:00.438Z,22555,,,curify-326-local-v1.0.0,d8ae0f4ef77567b4dcf8f15635b11c140810c3b991a8134a99997e11ad6a1d9e,https://www.curify-ai.com/search?q=character%20sticker%20pack,https://www.curify-ai.com/search?q=character%20sticker%20pack,search_results,false,,automated,valid_product_response,
V083,83,标志,curify,https://www.curify-ai.com/search?q=%E6%A0%87%E5%BF%97,screenshots/V083__query.jpg,success,200,36,1,2026-08-02T16:44:05.914Z,2026-08-02T16:44:30.385Z,24471,,,curify-326-local-v1.0.0,d8ae0f4ef77567b4dcf8f15635b11c140810c3b991a8134a99997e11ad6a1d9e,https://www.curify-ai.com/search?q=%E6%A0%87%E5%BF%97,https://www.curify-ai.com/search?q=%E6%A0%87%E5%BF%97,search_results,false,,automated,valid_product_response,
V084,84,logo,curify,https://www.curify-ai.com/search?q=logo,screenshots/V084__logo.jpg,success,200,,3,2026-08-03T03:40:00Z,2026-08-03T03:40:00Z,33831,,,curify-326-topic-redirect-retry-v1.0.0,d8ae0f4ef77567b4dcf8f15635b11c140810c3b991a8134a99997e11ad6a1d9e,https://www.curify-ai.com/search?q=logo,https://www.curify-ai.com/topics/branding,topic_redirect,true,https://www.curify-ai.com/topics/branding,automated_retry,valid_product_response,stale_search_box_text
V085,85,包装,curify,https://www.curify-ai.com/search?q=%E5%8C%85%E8%A3%85,screenshots/V085__query.jpg,success,200,32,1,2026-08-02T16:44:59.959Z,2026-08-02T16:45:19.940Z,19981,,,curify-326-local-v1.0.0,d8ae0f4ef77567b4dcf8f15635b11c140810c3b991a8134a99997e11ad6a1d9e,https://www.curify-ai.com/search?q=%E5%8C%85%E8%A3%85,https://www.curify-ai.com/search?q=%E5%8C%85%E8%A3%85,search_results,false,,automated,valid_product_response,
V086,86,package,curify,https://www.curify-ai.com/search?q=package,screenshots/V086__package.jpg,success,200,5,1,2026-08-02T16:45:24.646Z,2026-08-02T16:45:35.214Z,10568,,,curify-326-local-v1.0.0,d8ae0f4ef77567b4dcf8f15635b11c140810c3b991a8134a99997e11ad6a1d9e,https://www.curify-ai.com/search?q=package,https://www.curify-ai.com/search?q=package,search_results,false,,automated,valid_product_response,
V087,87,标签,curify,https://www.curify-ai.com/search?q=%E6%A0%87%E7%AD%BE,screenshots/V087__query.jpg,success,200,36,1,2026-08-02T16:45:38.730Z,2026-08-02T16:46:06.799Z,28069,,,curify-326-local-v1.0.0,d8ae0f4ef77567b4dcf8f15635b11c140810c3b991a8134a99997e11ad6a1d9e,https://www.curify-ai.com/search?q=%E6%A0%87%E7%AD%BE,https://www.curify-ai.com/search?q=%E6%A0%87%E7%AD%BE,search_results,false,,automated,valid_product_response,
V088,88,label,curify,https://www.curify-ai.com/search?q=label,screenshots/V088__label.jpg,success,200,36,1,2026-08-02T16:46:10.950Z,2026-08-02T16:46:37.709Z,26759,,,curify-326-local-v1.0.0,d8ae0f4ef77567b4dcf8f15635b11c140810c3b991a8134a99997e11ad6a1d9e,https://www.curify-ai.com/search?q=label,https://www.curify-ai.com/search?q=label,search_results,false,,automated,valid_product_response,
V089,89,瓶子,curify,https://www.curify-ai.com/search?q=%E7%93%B6%E5%AD%90,screenshots/V089__query.jpg,success,200,4,1,2026-08-02T16:46:43.013Z,2026-08-02T16:47:02.137Z,19124,,,curify-326-local-v1.0.0,d8ae0f4ef77567b4dcf8f15635b11c140810c3b991a8134a99997e11ad6a1d9e,https://www.curify-ai.com/search?q=%E7%93%B6%E5%AD%90,https://www.curify-ai.com/search?q=%E7%93%B6%E5%AD%90,search_results,false,,automated,valid_product_response,
V090,90,bottle,curify,https://www.curify-ai.com/search?q=bottle,screenshots/V090__bottle.jpg,success,200,8,1,2026-08-02T16:47:06.298Z,2026-08-02T16:47:20.141Z,13843,,,curify-326-local-v1.0.0,d8ae0f4ef77567b4dcf8f15635b11c140810c3b991a8134a99997e11ad6a1d9e,https://www.curify-ai.com/search?q=bottle,https://www.curify-ai.com/search?q=bottle,search_results,false,,automated,valid_product_response,
V091,91,菜单,curify,https://www.curify-ai.com/search?q=%E8%8F%9C%E5%8D%95,screenshots/V091__query.jpg,success,200,28,1,2026-08-02T16:47:23.809Z,2026-08-02T16:47:42.281Z,18472,,,curify-326-local-v1.0.0,d8ae0f4ef77567b4dcf8f15635b11c140810c3b991a8134a99997e11ad6a1d9e,https://www.curify-ai.com/search?q=%E8%8F%9C%E5%8D%95,https://www.curify-ai.com/search?q=%E8%8F%9C%E5%8D%95,search_results,false,,automated,valid_product_response,
V092,92,menu,curify,https://www.curify-ai.com/search?q=menu,screenshots/V092__menu.jpg,success,200,18,1,2026-08-02T16:47:46.931Z,2026-08-02T16:48:03.618Z,16687,,,curify-326-local-v1.0.0,d8ae0f4ef77567b4dcf8f15635b11c140810c3b991a8134a99997e11ad6a1d9e,https://www.curify-ai.com/search?q=menu,https://www.curify-ai.com/search?q=menu,search_results,false,,automated,valid_product_response,
V093,93,名片,curify,https://www.curify-ai.com/search?q=%E5%90%8D%E7%89%87,screenshots/V093__query.jpg,success,200,6,1,2026-08-02T16:48:07.520Z,2026-08-02T16:48:18.789Z,11269,,,curify-326-local-v1.0.0,d8ae0f4ef77567b4dcf8f15635b11c140810c3b991a8134a99997e11ad6a1d9e,https://www.curify-ai.com/search?q=%E5%90%8D%E7%89%87,https://www.curify-ai.com/search?q=%E5%90%8D%E7%89%87,search_results,false,,automated,valid_product_response,
V094,94,business card,curify,https://www.curify-ai.com/search?q=business%20card,screenshots/V094__business-card.jpg,success,200,36,1,2026-08-02T16:48:23.927Z,2026-08-02T16:48:41.934Z,18007,,,curify-326-local-v1.0.0,d8ae0f4ef77567b4dcf8f15635b11c140810c3b991a8134a99997e11ad6a1d9e,https://www.curify-ai.com/search?q=business%20card,https://www.curify-ai.com/search?q=business%20card,search_results,false,,automated,valid_product_response,
V095,95,产品盒,curify,https://www.curify-ai.com/search?q=%E4%BA%A7%E5%93%81%E7%9B%92,screenshots/V095__query.jpg,success,200,22,1,2026-08-02T16:48:45.822Z,2026-08-02T16:48:59.360Z,13538,,,curify-326-local-v1.0.0,d8ae0f4ef77567b4dcf8f15635b11c140810c3b991a8134a99997e11ad6a1d9e,https://www.curify-ai.com/search?q=%E4%BA%A7%E5%93%81%E7%9B%92,https://www.curify-ai.com/search?q=%E4%BA%A7%E5%93%81%E7%9B%92,search_results,false,,automated,valid_product_response,
V096,96,product box,curify,https://www.curify-ai.com/search?q=product%20box,screenshots/V096__product-box.jpg,success,200,36,1,2026-08-02T16:49:04.131Z,2026-08-02T16:49:21.691Z,17560,,,curify-326-local-v1.0.0,d8ae0f4ef77567b4dcf8f15635b11c140810c3b991a8134a99997e11ad6a1d9e,https://www.curify-ai.com/search?q=product%20box,https://www.curify-ai.com/search?q=product%20box,search_results,false,,automated,valid_product_response,
V097,97,咖啡包装,curify,https://www.curify-ai.com/search?q=%E5%92%96%E5%95%A1%E5%8C%85%E8%A3%85,screenshots/V097__query.jpg,success,200,36,1,2026-08-02T16:49:26.058Z,2026-08-02T16:49:54.990Z,28932,,,curify-326-local-v1.0.0,d8ae0f4ef77567b4dcf8f15635b11c140810c3b991a8134a99997e11ad6a1d9e,https://www.curify-ai.com/search?q=%E5%92%96%E5%95%A1%E5%8C%85%E8%A3%85,https://www.curify-ai.com/search?q=%E5%92%96%E5%95%A1%E5%8C%85%E8%A3%85,search_results,false,,automated,valid_product_response,
V098,98,coffee package,curify,https://www.curify-ai.com/search?q=coffee%20package,screenshots/V098__coffee-package.jpg,success,200,36,1,2026-08-02T16:50:00.423Z,2026-08-02T16:50:33.679Z,33256,,,curify-326-local-v1.0.0,d8ae0f4ef77567b4dcf8f15635b11c140810c3b991a8134a99997e11ad6a1d9e,https://www.curify-ai.com/search?q=coffee%20package,https://www.curify-ai.com/search?q=coffee%20package,search_results,false,,automated,valid_product_response,
V099,99,餐厅菜单,curify,https://www.curify-ai.com/search?q=%E9%A4%90%E5%8E%85%E8%8F%9C%E5%8D%95,screenshots/V099__query.jpg,success,200,26,1,2026-08-02T16:50:39.475Z,2026-08-02T16:51:06.605Z,27130,,,curify-326-local-v1.0.0,d8ae0f4ef77567b4dcf8f15635b11c140810c3b991a8134a99997e11ad6a1d9e,https://www.curify-ai.com/search?q=%E9%A4%90%E5%8E%85%E8%8F%9C%E5%8D%95,https://www.curify-ai.com/search?q=%E9%A4%90%E5%8E%85%E8%8F%9C%E5%8D%95,search_results,false,,automated,valid_product_response,
V100,100,restaurant menu,curify,https://www.curify-ai.com/search?q=restaurant%20menu,screenshots/V100__restaurant-menu.jpg,success,200,38,1,2026-08-02T17:06:15.363Z,2026-08-02T17:06:31.382Z,16019,,,curify-326-local-v1.0.0,d8ae0f4ef77567b4dcf8f15635b11c140810c3b991a8134a99997e11ad6a1d9e,https://www.curify-ai.com/search?q=restaurant%20menu,https://www.curify-ai.com/search?q=restaurant%20menu,search_results,false,,automated,valid_product_response,
V101,101,香水瓶,curify,https://www.curify-ai.com/search?q=%E9%A6%99%E6%B0%B4%E7%93%B6,screenshots/V101__query.jpg,success,200,7,1,2026-08-02T17:06:35.127Z,2026-08-02T17:06:44.355Z,9228,,,curify-326-local-v1.0.0,d8ae0f4ef77567b4dcf8f15635b11c140810c3b991a8134a99997e11ad6a1d9e,https://www.curify-ai.com/search?q=%E9%A6%99%E6%B0%B4%E7%93%B6,https://www.curify-ai.com/search?q=%E9%A6%99%E6%B0%B4%E7%93%B6,search_results,false,,automated,valid_product_response,
V102,102,perfume bottle,curify,https://www.curify-ai.com/search?q=perfume%20bottle,screenshots/V102__perfume-bottle.jpg,success,200,9,1,2026-08-02T17:06:49.284Z,2026-08-02T17:07:00.031Z,10747,,,curify-326-local-v1.0.0,d8ae0f4ef77567b4dcf8f15635b11c140810c3b991a8134a99997e11ad6a1d9e,https://www.curify-ai.com/search?q=perfume%20bottle,https://www.curify-ai.com/search?q=perfume%20bottle,search_results,false,,automated,valid_product_response,
V103,103,香水盒,curify,https://www.curify-ai.com/search?q=%E9%A6%99%E6%B0%B4%E7%9B%92,screenshots/V103__query.jpg,success,200,8,1,2026-08-02T17:07:06.484Z,2026-08-02T17:07:18.109Z,11625,,,curify-326-local-v1.0.0,d8ae0f4ef77567b4dcf8f15635b11c140810c3b991a8134a99997e11ad6a1d9e,https://www.curify-ai.com/search?q=%E9%A6%99%E6%B0%B4%E7%9B%92,https://www.curify-ai.com/search?q=%E9%A6%99%E6%B0%B4%E7%9B%92,search_results,false,,automated,valid_product_response,
V104,104,perfume box,curify,https://www.curify-ai.com/search?q=perfume%20box,screenshots/V104__perfume-box.jpg,success,200,27,1,2026-08-02T17:07:21.322Z,2026-08-02T17:07:36.607Z,15285,,,curify-326-local-v1.0.0,d8ae0f4ef77567b4dcf8f15635b11c140810c3b991a8134a99997e11ad6a1d9e,https://www.curify-ai.com/search?q=perfume%20box,https://www.curify-ai.com/search?q=perfume%20box,search_results,false,,automated,valid_product_response,
V105,105,茶叶包装,curify,https://www.curify-ai.com/search?q=%E8%8C%B6%E5%8F%B6%E5%8C%85%E8%A3%85,screenshots/V105__query.jpg,success,200,20,1,2026-08-02T17:07:40.954Z,2026-08-02T17:07:58.981Z,18027,,,curify-326-local-v1.0.0,d8ae0f4ef77567b4dcf8f15635b11c140810c3b991a8134a99997e11ad6a1d9e,https://www.curify-ai.com/search?q=%E8%8C%B6%E5%8F%B6%E5%8C%85%E8%A3%85,https://www.curify-ai.com/search?q=%E8%8C%B6%E5%8F%B6%E5%8C%85%E8%A3%85,search_results,false,,automated,valid_product_response,
V106,106,tea package,curify,https://www.curify-ai.com/search?q=tea%20package,screenshots/V106__tea-package.jpg,success,200,30,1,2026-08-02T17:08:04.245Z,2026-08-02T17:08:21.868Z,17623,,,curify-326-local-v1.0.0,d8ae0f4ef77567b4dcf8f15635b11c140810c3b991a8134a99997e11ad6a1d9e,https://www.curify-ai.com/search?q=tea%20package,https://www.curify-ai.com/search?q=tea%20package,search_results,false,,automated,valid_product_response,
V107,107,咖啡豆包装,curify,https://www.curify-ai.com/search?q=%E5%92%96%E5%95%A1%E8%B1%86%E5%8C%85%E8%A3%85,screenshots/V107__query.jpg,success,200,12,1,2026-08-02T17:08:26.910Z,2026-08-02T17:08:38.417Z,11507,,,curify-326-local-v1.0.0,d8ae0f4ef77567b4dcf8f15635b11c140810c3b991a8134a99997e11ad6a1d9e,https://www.curify-ai.com/search?q=%E5%92%96%E5%95%A1%E8%B1%86%E5%8C%85%E8%A3%85,https://www.curify-ai.com/search?q=%E5%92%96%E5%95%A1%E8%B1%86%E5%8C%85%E8%A3%85,search_results,false,,automated,valid_product_response,
V108,108,coffee bean package,curify,https://www.curify-ai.com/search?q=coffee%20bean%20package,screenshots/V108__coffee-bean-package.jpg,success,200,3,1,2026-08-02T17:08:43.796Z,2026-08-02T17:08:54.083Z,10287,,,curify-326-local-v1.0.0,d8ae0f4ef77567b4dcf8f15635b11c140810c3b991a8134a99997e11ad6a1d9e,https://www.curify-ai.com/search?q=coffee%20bean%20package,https://www.curify-ai.com/search?q=coffee%20bean%20package,search_results,false,,automated,valid_product_response,
V109,109,巧克力礼盒,curify,https://www.curify-ai.com/search?q=%E5%B7%A7%E5%85%8B%E5%8A%9B%E7%A4%BC%E7%9B%92,screenshots/V109__query.jpg,success,200,20,1,2026-08-02T17:08:57.409Z,2026-08-02T17:09:10.913Z,13504,,,curify-326-local-v1.0.0,d8ae0f4ef77567b4dcf8f15635b11c140810c3b991a8134a99997e11ad6a1d9e,https://www.curify-ai.com/search?q=%E5%B7%A7%E5%85%8B%E5%8A%9B%E7%A4%BC%E7%9B%92,https://www.curify-ai.com/search?q=%E5%B7%A7%E5%85%8B%E5%8A%9B%E7%A4%BC%E7%9B%92,search_results,false,,automated,valid_product_response,
V110,110,chocolate box,curify,https://www.curify-ai.com/search?q=chocolate%20box,screenshots/V110__chocolate-box.jpg,success,200,28,1,2026-08-02T17:09:15.170Z,2026-08-02T17:09:31.277Z,16107,,,curify-326-local-v1.0.0,d8ae0f4ef77567b4dcf8f15635b11c140810c3b991a8134a99997e11ad6a1d9e,https://www.curify-ai.com/search?q=chocolate%20box,https://www.curify-ai.com/search?q=chocolate%20box,search_results,false,,automated,valid_product_response,
V111,111,护肤品包装,curify,https://www.curify-ai.com/search?q=%E6%8A%A4%E8%82%A4%E5%93%81%E5%8C%85%E8%A3%85,screenshots/V111__query.jpg,success,200,21,1,2026-08-02T17:38:32.363Z,2026-08-02T17:38:51.623Z,19260,,,curify-326-local-v1.0.0,d8ae0f4ef77567b4dcf8f15635b11c140810c3b991a8134a99997e11ad6a1d9e,https://www.curify-ai.com/search?q=%E6%8A%A4%E8%82%A4%E5%93%81%E5%8C%85%E8%A3%85,https://www.curify-ai.com/search?q=%E6%8A%A4%E8%82%A4%E5%93%81%E5%8C%85%E8%A3%85,search_results,false,,automated,valid_product_response,
V112,112,skincare package,curify,https://www.curify-ai.com/search?q=skincare%20package,screenshots/V112__skincare-package.jpg,success,200,14,1,2026-08-02T17:38:55.303Z,2026-08-02T17:39:07.648Z,12345,,,curify-326-local-v1.0.0,d8ae0f4ef77567b4dcf8f15635b11c140810c3b991a8134a99997e11ad6a1d9e,https://www.curify-ai.com/search?q=skincare%20package,https://www.curify-ai.com/search?q=skincare%20package,search_results,false,,automated,valid_product_response,
V113,113,化妆品包装,curify,https://www.curify-ai.com/search?q=%E5%8C%96%E5%A6%86%E5%93%81%E5%8C%85%E8%A3%85,screenshots/V113__query.jpg,success,200,5,1,2026-08-02T17:39:13.185Z,2026-08-02T17:39:21.881Z,8696,,,curify-326-local-v1.0.0,d8ae0f4ef77567b4dcf8f15635b11c140810c3b991a8134a99997e11ad6a1d9e,https://www.curify-ai.com/search?q=%E5%8C%96%E5%A6%86%E5%93%81%E5%8C%85%E8%A3%85,https://www.curify-ai.com/search?q=%E5%8C%96%E5%A6%86%E5%93%81%E5%8C%85%E8%A3%85,search_results,false,,automated,valid_product_response,
V114,114,cosmetic package,curify,https://www.curify-ai.com/search?q=cosmetic%20package,screenshots/V114__cosmetic-package.jpg,success,200,38,1,2026-08-02T17:39:25.485Z,2026-08-02T17:39:45.038Z,19553,,,curify-326-local-v1.0.0,d8ae0f4ef77567b4dcf8f15635b11c140810c3b991a8134a99997e11ad6a1d9e,https://www.curify-ai.com/search?q=cosmetic%20package,https://www.curify-ai.com/search?q=cosmetic%20package,search_results,false,,automated,valid_product_response,
V115,115,酒标,curify,https://www.curify-ai.com/search?q=%E9%85%92%E6%A0%87,screenshots/V115__query.jpg,success,200,10,1,2026-08-02T17:39:48.779Z,2026-08-02T17:39:59.748Z,10969,,,curify-326-local-v1.0.0,d8ae0f4ef77567b4dcf8f15635b11c140810c3b991a8134a99997e11ad6a1d9e,https://www.curify-ai.com/search?q=%E9%85%92%E6%A0%87,https://www.curify-ai.com/search?q=%E9%85%92%E6%A0%87,search_results,false,,automated,valid_product_response,
V116,116,wine label,curify,https://www.curify-ai.com/search?q=wine%20label,screenshots/V116__wine-label.jpg,success,200,37,1,2026-08-02T17:40:02.927Z,2026-08-02T17:40:19.341Z,16414,,,curify-326-local-v1.0.0,d8ae0f4ef77567b4dcf8f15635b11c140810c3b991a8134a99997e11ad6a1d9e,https://www.curify-ai.com/search?q=wine%20label,https://www.curify-ai.com/search?q=wine%20label,search_results,false,,automated,valid_product_response,
V117,117,零食包装,curify,https://www.curify-ai.com/search?q=%E9%9B%B6%E9%A3%9F%E5%8C%85%E8%A3%85,screenshots/V117__query.jpg,success,200,21,1,2026-08-02T17:40:26.076Z,2026-08-02T17:40:40.138Z,14062,,,curify-326-local-v1.0.0,d8ae0f4ef77567b4dcf8f15635b11c140810c3b991a8134a99997e11ad6a1d9e,https://www.curify-ai.com/search?q=%E9%9B%B6%E9%A3%9F%E5%8C%85%E8%A3%85,https://www.curify-ai.com/search?q=%E9%9B%B6%E9%A3%9F%E5%8C%85%E8%A3%85,search_results,false,,automated,valid_product_response,
V118,118,snack package,curify,https://www.curify-ai.com/search?q=snack%20package,screenshots/V118__snack-package.jpg,success,200,30,1,2026-08-02T17:40:45.740Z,2026-08-02T17:40:58.314Z,12574,,,curify-326-local-v1.0.0,d8ae0f4ef77567b4dcf8f15635b11c140810c3b991a8134a99997e11ad6a1d9e,https://www.curify-ai.com/search?q=snack%20package,https://www.curify-ai.com/search?q=snack%20package,search_results,false,,automated,valid_product_response,
V119,119,礼品盒,curify,https://www.curify-ai.com/search?q=%E7%A4%BC%E5%93%81%E7%9B%92,screenshots/V119__query.jpg,success,200,11,1,2026-08-02T17:41:03.540Z,2026-08-02T17:41:13.948Z,10408,,,curify-326-local-v1.0.0,d8ae0f4ef77567b4dcf8f15635b11c140810c3b991a8134a99997e11ad6a1d9e,https://www.curify-ai.com/search?q=%E7%A4%BC%E5%93%81%E7%9B%92,https://www.curify-ai.com/search?q=%E7%A4%BC%E5%93%81%E7%9B%92,search_results,false,,automated,valid_product_response,
V120,120,gift box,curify,https://www.curify-ai.com/search?q=gift%20box,screenshots/V120__gift-box.jpg,success,200,38,1,2026-08-02T17:41:18.556Z,2026-08-02T17:41:34.324Z,15768,,,curify-326-local-v1.0.0,d8ae0f4ef77567b4dcf8f15635b11c140810c3b991a8134a99997e11ad6a1d9e,https://www.curify-ai.com/search?q=gift%20box,https://www.curify-ai.com/search?q=gift%20box,search_results,false,,automated,valid_product_response,
V121,121,购物袋,curify,https://www.curify-ai.com/search?q=%E8%B4%AD%E7%89%A9%E8%A2%8B,screenshots/V121__query.jpg,success,200,4,1,2026-08-02T17:41:40.496Z,2026-08-02T17:42:00.301Z,19805,,,curify-326-local-v1.0.0,d8ae0f4ef77567b4dcf8f15635b11c140810c3b991a8134a99997e11ad6a1d9e,https://www.curify-ai.com/search?q=%E8%B4%AD%E7%89%A9%E8%A2%8B,https://www.curify-ai.com/search?q=%E8%B4%AD%E7%89%A9%E8%A2%8B,search_results,false,,automated,valid_product_response,
V122,122,shopping bag,curify,https://www.curify-ai.com/search?q=shopping%20bag,screenshots/V122__shopping-bag.jpg,success,200,37,1,2026-08-02T17:42:04.107Z,2026-08-02T17:42:22.866Z,18759,,,curify-326-local-v1.0.0,d8ae0f4ef77567b4dcf8f15635b11c140810c3b991a8134a99997e11ad6a1d9e,https://www.curify-ai.com/search?q=shopping%20bag,https://www.curify-ai.com/search?q=shopping%20bag,search_results,false,,automated,valid_product_response,
V123,123,产品标签,curify,https://www.curify-ai.com/search?q=%E4%BA%A7%E5%93%81%E6%A0%87%E7%AD%BE,screenshots/V123__query.jpg,success,200,31,1,2026-08-02T17:42:26.757Z,2026-08-02T17:42:43.558Z,16801,,,curify-326-local-v1.0.0,d8ae0f4ef77567b4dcf8f15635b11c140810c3b991a8134a99997e11ad6a1d9e,https://www.curify-ai.com/search?q=%E4%BA%A7%E5%93%81%E6%A0%87%E7%AD%BE,https://www.curify-ai.com/search?q=%E4%BA%A7%E5%93%81%E6%A0%87%E7%AD%BE,search_results,false,,automated,valid_product_response,
V124,124,product label,curify,https://www.curify-ai.com/search?q=product%20label,screenshots/V124__product-label.jpg,success,200,38,1,2026-08-02T17:42:50.380Z,2026-08-02T17:43:03.892Z,13511,,,curify-326-local-v1.0.0,d8ae0f4ef77567b4dcf8f15635b11c140810c3b991a8134a99997e11ad6a1d9e,https://www.curify-ai.com/search?q=product%20label,https://www.curify-ai.com/search?q=product%20label,search_results,false,,automated,valid_product_response,
V125,125,烘焙包装,curify,https://www.curify-ai.com/search?q=%E7%83%98%E7%84%99%E5%8C%85%E8%A3%85,screenshots/V125__query.jpg,success,200,21,1,2026-08-02T17:43:10.608Z,2026-08-02T17:43:21.879Z,11271,,,curify-326-local-v1.0.0,d8ae0f4ef77567b4dcf8f15635b11c140810c3b991a8134a99997e11ad6a1d9e,https://www.curify-ai.com/search?q=%E7%83%98%E7%84%99%E5%8C%85%E8%A3%85,https://www.curify-ai.com/search?q=%E7%83%98%E7%84%99%E5%8C%85%E8%A3%85,search_results,false,,automated,valid_product_response,
V126,126,bakery package,curify,https://www.curify-ai.com/search?q=bakery%20package,screenshots/V126__bakery-package.jpg,success,200,25,1,2026-08-02T17:43:28.603Z,2026-08-02T17:43:47.020Z,18417,,,curify-326-local-v1.0.0,d8ae0f4ef77567b4dcf8f15635b11c140810c3b991a8134a99997e11ad6a1d9e,https://www.curify-ai.com/search?q=bakery%20package,https://www.curify-ai.com/search?q=bakery%20package,search_results,false,,automated,valid_product_response,
V127,127,咖啡馆菜单,curify,https://www.curify-ai.com/search?q=%E5%92%96%E5%95%A1%E9%A6%86%E8%8F%9C%E5%8D%95,screenshots/V127__query.jpg,success,200,12,1,2026-08-02T17:43:52.334Z,2026-08-02T17:44:11.855Z,19521,,,curify-326-local-v1.0.0,d8ae0f4ef77567b4dcf8f15635b11c140810c3b991a8134a99997e11ad6a1d9e,https://www.curify-ai.com/search?q=%E5%92%96%E5%95%A1%E9%A6%86%E8%8F%9C%E5%8D%95,https://www.curify-ai.com/search?q=%E5%92%96%E5%95%A1%E9%A6%86%E8%8F%9C%E5%8D%95,search_results,false,,automated,valid_product_response,
V128,128,cafe menu,curify,https://www.curify-ai.com/search?q=cafe%20menu,screenshots/V128__cafe-menu.jpg,success,200,32,1,2026-08-02T17:44:18.318Z,2026-08-02T17:44:33.305Z,14987,,,curify-326-local-v1.0.0,d8ae0f4ef77567b4dcf8f15635b11c140810c3b991a8134a99997e11ad6a1d9e,https://www.curify-ai.com/search?q=cafe%20menu,https://www.curify-ai.com/search?q=cafe%20menu,search_results,false,,automated,valid_product_response,
V129,129,店招,curify,https://www.curify-ai.com/search?q=%E5%BA%97%E6%8B%9B,screenshots/V129__query.jpg,success,200,24,1,2026-08-02T17:44:38.176Z,2026-08-02T17:44:52.736Z,14560,,,curify-326-local-v1.0.0,d8ae0f4ef77567b4dcf8f15635b11c140810c3b991a8134a99997e11ad6a1d9e,https://www.curify-ai.com/search?q=%E5%BA%97%E6%8B%9B,https://www.curify-ai.com/search?q=%E5%BA%97%E6%8B%9B,search_results,false,,automated,valid_product_response,
V130,130,shop sign,curify,https://www.curify-ai.com/search?q=shop%20sign,screenshots/V130__shop-sign.jpg,success,200,23,1,2026-08-02T17:44:55.942Z,2026-08-02T17:45:10.446Z,14504,,,curify-326-local-v1.0.0,d8ae0f4ef77567b4dcf8f15635b11c140810c3b991a8134a99997e11ad6a1d9e,https://www.curify-ai.com/search?q=shop%20sign,https://www.curify-ai.com/search?q=shop%20sign,search_results,false,,automated,valid_product_response,
V131,131,门店招牌,curify,https://www.curify-ai.com/search?q=%E9%97%A8%E5%BA%97%E6%8B%9B%E7%89%8C,screenshots/V131__query.jpg,success,200,25,1,2026-08-02T17:45:17.272Z,2026-08-02T17:45:28.077Z,10805,,,curify-326-local-v1.0.0,d8ae0f4ef77567b4dcf8f15635b11c140810c3b991a8134a99997e11ad6a1d9e,https://www.curify-ai.com/search?q=%E9%97%A8%E5%BA%97%E6%8B%9B%E7%89%8C,https://www.curify-ai.com/search?q=%E9%97%A8%E5%BA%97%E6%8B%9B%E7%89%8C,search_results,false,,automated,valid_product_response,
V132,132,storefront sign,curify,https://www.curify-ai.com/search?q=storefront%20sign,screenshots/V132__storefront-sign.jpg,success,200,27,1,2026-08-02T17:45:34.943Z,2026-08-02T17:45:45.523Z,10580,,,curify-326-local-v1.0.0,d8ae0f4ef77567b4dcf8f15635b11c140810c3b991a8134a99997e11ad6a1d9e,https://www.curify-ai.com/search?q=storefront%20sign,https://www.curify-ai.com/search?q=storefront%20sign,search_results,false,,automated,valid_product_response,
V133,133,产品吊牌,curify,https://www.curify-ai.com/search?q=%E4%BA%A7%E5%93%81%E5%90%8A%E7%89%8C,screenshots/V133__query.jpg,success,200,8,1,2026-08-02T17:45:51.859Z,2026-08-02T17:46:00.241Z,8382,,,curify-326-local-v1.0.0,d8ae0f4ef77567b4dcf8f15635b11c140810c3b991a8134a99997e11ad6a1d9e,https://www.curify-ai.com/search?q=%E4%BA%A7%E5%93%81%E5%90%8A%E7%89%8C,https://www.curify-ai.com/search?q=%E4%BA%A7%E5%93%81%E5%90%8A%E7%89%8C,search_results,false,,automated,valid_product_response,
V134,134,product tag,curify,https://www.curify-ai.com/search?q=product%20tag,screenshots/V134__product-tag.jpg,success,200,37,1,2026-08-02T17:46:06.384Z,2026-08-02T17:46:22.289Z,15905,,,curify-326-local-v1.0.0,d8ae0f4ef77567b4dcf8f15635b11c140810c3b991a8134a99997e11ad6a1d9e,https://www.curify-ai.com/search?q=product%20tag,https://www.curify-ai.com/search?q=product%20tag,search_results,false,,automated,valid_product_response,
V135,135,价格标签,curify,https://www.curify-ai.com/search?q=%E4%BB%B7%E6%A0%BC%E6%A0%87%E7%AD%BE,screenshots/V135__query.jpg,success,200,5,1,2026-08-02T17:46:26.121Z,2026-08-02T17:47:03.085Z,36964,,,curify-326-local-v1.0.0,d8ae0f4ef77567b4dcf8f15635b11c140810c3b991a8134a99997e11ad6a1d9e,https://www.curify-ai.com/search?q=%E4%BB%B7%E6%A0%BC%E6%A0%87%E7%AD%BE,https://www.curify-ai.com/search?q=%E4%BB%B7%E6%A0%BC%E6%A0%87%E7%AD%BE,search_results,false,,automated,valid_product_response,
V136,136,price tag,curify,https://www.curify-ai.com/search?q=price%20tag,screenshots/V136__price-tag.jpg,success,200,7,1,2026-08-02T17:47:07.816Z,2026-08-02T17:47:34.358Z,26542,,,curify-326-local-v1.0.0,d8ae0f4ef77567b4dcf8f15635b11c140810c3b991a8134a99997e11ad6a1d9e,https://www.curify-ai.com/search?q=price%20tag,https://www.curify-ai.com/search?q=price%20tag,search_results,false,,automated,valid_product_response,
V137,137,服装吊牌,curify,https://www.curify-ai.com/search?q=%E6%9C%8D%E8%A3%85%E5%90%8A%E7%89%8C,screenshots/V137__query.jpg,success,200,24,1,2026-08-02T17:47:40.596Z,2026-08-02T17:47:54.819Z,14223,,,curify-326-local-v1.0.0,d8ae0f4ef77567b4dcf8f15635b11c140810c3b991a8134a99997e11ad6a1d9e,https://www.curify-ai.com/search?q=%E6%9C%8D%E8%A3%85%E5%90%8A%E7%89%8C,https://www.curify-ai.com/search?q=%E6%9C%8D%E8%A3%85%E5%90%8A%E7%89%8C,search_results,false,,automated,valid_product_response,
V138,138,clothing tag,curify,https://www.curify-ai.com/search?q=clothing%20tag,screenshots/V138__clothing-tag.jpg,success,200,37,1,2026-08-02T17:48:00.976Z,2026-08-02T17:48:18.190Z,17214,,,curify-326-local-v1.0.0,d8ae0f4ef77567b4dcf8f15635b11c140810c3b991a8134a99997e11ad6a1d9e,https://www.curify-ai.com/search?q=clothing%20tag,https://www.curify-ai.com/search?q=clothing%20tag,search_results,false,,automated,valid_product_response,
V139,139,首饰盒,curify,https://www.curify-ai.com/search?q=%E9%A6%96%E9%A5%B0%E7%9B%92,screenshots/V139__query.jpg,success,200,9,1,2026-08-02T17:48:22.130Z,2026-08-02T17:48:33.289Z,11159,,,curify-326-local-v1.0.0,d8ae0f4ef77567b4dcf8f15635b11c140810c3b991a8134a99997e11ad6a1d9e,https://www.curify-ai.com/search?q=%E9%A6%96%E9%A5%B0%E7%9B%92,https://www.curify-ai.com/search?q=%E9%A6%96%E9%A5%B0%E7%9B%92,search_results,false,,automated,valid_product_response,
V140,140,jewelry box,curify,https://www.curify-ai.com/search?q=jewelry%20box,screenshots/V140__jewelry-box.jpg,success,200,29,1,2026-08-02T17:48:39.810Z,2026-08-02T17:48:53.453Z,13643,,,curify-326-local-v1.0.0,d8ae0f4ef77567b4dcf8f15635b11c140810c3b991a8134a99997e11ad6a1d9e,https://www.curify-ai.com/search?q=jewelry%20box,https://www.curify-ai.com/search?q=jewelry%20box,search_results,false,,automated,valid_product_response,
V141,141,蜡烛标签,curify,https://www.curify-ai.com/search?q=%E8%9C%A1%E7%83%9B%E6%A0%87%E7%AD%BE,screenshots/V141__query.jpg,success,200,5,1,2026-08-02T17:48:59.797Z,2026-08-02T17:49:24.408Z,24611,,,curify-326-local-v1.0.0,d8ae0f4ef77567b4dcf8f15635b11c140810c3b991a8134a99997e11ad6a1d9e,https://www.curify-ai.com/search?q=%E8%9C%A1%E7%83%9B%E6%A0%87%E7%AD%BE,https://www.curify-ai.com/search?q=%E8%9C%A1%E7%83%9B%E6%A0%87%E7%AD%BE,search_results,false,,automated,valid_product_response,
V142,142,candle label,curify,https://www.curify-ai.com/search?q=candle%20label,screenshots/V142__candle-label.jpg,success,200,29,1,2026-08-02T17:49:30.866Z,2026-08-02T17:49:54.908Z,24042,,,curify-326-local-v1.0.0,d8ae0f4ef77567b4dcf8f15635b11c140810c3b991a8134a99997e11ad6a1d9e,https://www.curify-ai.com/search?q=candle%20label,https://www.curify-ai.com/search?q=candle%20label,search_results,false,,automated,valid_product_response,
V143,143,香皂包装,curify,https://www.curify-ai.com/search?q=%E9%A6%99%E7%9A%82%E5%8C%85%E8%A3%85,screenshots/V143__query.jpg,success,200,20,1,2026-08-02T17:50:01.385Z,2026-08-02T17:50:17.819Z,16434,,,curify-326-local-v1.0.0,d8ae0f4ef77567b4dcf8f15635b11c140810c3b991a8134a99997e11ad6a1d9e,https://www.curify-ai.com/search?q=%E9%A6%99%E7%9A%82%E5%8C%85%E8%A3%85,https://www.curify-ai.com/search?q=%E9%A6%99%E7%9A%82%E5%8C%85%E8%A3%85,search_results,false,,automated,valid_product_response,
V144,144,soap package,curify,https://www.curify-ai.com/search?q=soap%20package,screenshots/V144__soap-package.jpg,success,200,9,1,2026-08-02T17:50:24.782Z,2026-08-02T17:50:37.585Z,12803,,,curify-326-local-v1.0.0,d8ae0f4ef77567b4dcf8f15635b11c140810c3b991a8134a99997e11ad6a1d9e,https://www.curify-ai.com/search?q=soap%20package,https://www.curify-ai.com/search?q=soap%20package,search_results,false,,automated,valid_product_response,
V145,145,茶叶罐,curify,https://www.curify-ai.com/search?q=%E8%8C%B6%E5%8F%B6%E7%BD%90,screenshots/V145__query.jpg,success,200,11,1,2026-08-02T17:50:40.949Z,2026-08-02T17:50:53.660Z,12711,,,curify-326-local-v1.0.0,d8ae0f4ef77567b4dcf8f15635b11c140810c3b991a8134a99997e11ad6a1d9e,https://www.curify-ai.com/search?q=%E8%8C%B6%E5%8F%B6%E7%BD%90,https://www.curify-ai.com/search?q=%E8%8C%B6%E5%8F%B6%E7%BD%90,search_results,false,,automated,valid_product_response,
V146,146,tea box,curify,https://www.curify-ai.com/search?q=tea%20box,screenshots/V146__tea-box.jpg,success,200,37,1,2026-08-02T17:51:00.240Z,2026-08-02T17:51:24.960Z,24720,,,curify-326-local-v1.0.0,d8ae0f4ef77567b4dcf8f15635b11c140810c3b991a8134a99997e11ad6a1d9e,https://www.curify-ai.com/search?q=tea%20box,https://www.curify-ai.com/search?q=tea%20box,search_results,false,,automated,valid_product_response,
V147,147,咖啡杯,curify,https://www.curify-ai.com/search?q=%E5%92%96%E5%95%A1%E6%9D%AF,screenshots/V147__query.jpg,success,200,3,1,2026-08-02T17:51:30.439Z,2026-08-02T17:51:42.117Z,11678,,,curify-326-local-v1.0.0,d8ae0f4ef77567b4dcf8f15635b11c140810c3b991a8134a99997e11ad6a1d9e,https://www.curify-ai.com/search?q=%E5%92%96%E5%95%A1%E6%9D%AF,https://www.curify-ai.com/search?q=%E5%92%96%E5%95%A1%E6%9D%AF,search_results,false,,automated,valid_product_response,
V148,148,coffee cup,curify,https://www.curify-ai.com/search?q=coffee%20cup,screenshots/V148__coffee-cup.jpg,success,200,38,1,2026-08-02T17:51:46.353Z,2026-08-02T17:52:03.398Z,17045,,,curify-326-local-v1.0.0,d8ae0f4ef77567b4dcf8f15635b11c140810c3b991a8134a99997e11ad6a1d9e,https://www.curify-ai.com/search?q=coffee%20cup,https://www.curify-ai.com/search?q=coffee%20cup,search_results,false,,automated,valid_product_response,
V149,149,咖啡杯套,curify,https://www.curify-ai.com/search?q=%E5%92%96%E5%95%A1%E6%9D%AF%E5%A5%97,screenshots/V149__query.jpg,success,200,5,1,2026-08-02T17:52:07.728Z,2026-08-02T17:52:37.235Z,29507,,,curify-326-local-v1.0.0,d8ae0f4ef77567b4dcf8f15635b11c140810c3b991a8134a99997e11ad6a1d9e,https://www.curify-ai.com/search?q=%E5%92%96%E5%95%A1%E6%9D%AF%E5%A5%97,https://www.curify-ai.com/search?q=%E5%92%96%E5%95%A1%E6%9D%AF%E5%A5%97,search_results,false,,automated,valid_product_response,
V150,150,coffee cup sleeve,curify,https://www.curify-ai.com/search?q=coffee%20cup%20sleeve,screenshots/V150__coffee-cup-sleeve.jpg,success,200,38,1,2026-08-02T17:52:42.749Z,2026-08-02T17:53:13.587Z,30838,,,curify-326-local-v1.0.0,d8ae0f4ef77567b4dcf8f15635b11c140810c3b991a8134a99997e11ad6a1d9e,https://www.curify-ai.com/search?q=coffee%20cup%20sleeve,https://www.curify-ai.com/search?q=coffee%20cup%20sleeve,search_results,false,,automated,valid_product_response,
V151,151,外卖餐盒,curify,https://www.curify-ai.com/search?q=%E5%A4%96%E5%8D%96%E9%A4%90%E7%9B%92,screenshots/V151__query.jpg,success,200,10,1,2026-08-02T17:53:17.849Z,2026-08-02T17:53:42.339Z,24490,,,curify-326-local-v1.0.0,d8ae0f4ef77567b4dcf8f15635b11c140810c3b991a8134a99997e11ad6a1d9e,https://www.curify-ai.com/search?q=%E5%A4%96%E5%8D%96%E9%A4%90%E7%9B%92,https://www.curify-ai.com/search?q=%E5%A4%96%E5%8D%96%E9%A4%90%E7%9B%92,search_results,false,,automated,valid_product_response,
V152,152,takeout box,curify,https://www.curify-ai.com/search?q=takeout%20box,screenshots/V152__takeout-box.jpg,success,200,32,1,2026-08-02T17:53:48.742Z,2026-08-02T17:54:03.648Z,14906,,,curify-326-local-v1.0.0,d8ae0f4ef77567b4dcf8f15635b11c140810c3b991a8134a99997e11ad6a1d9e,https://www.curify-ai.com/search?q=takeout%20box,https://www.curify-ai.com/search?q=takeout%20box,search_results,false,,automated,valid_product_response,
V153,153,饮料瓶,curify,https://www.curify-ai.com/search?q=%E9%A5%AE%E6%96%99%E7%93%B6,screenshots/V153__query.jpg,success,200,9,1,2026-08-02T17:54:08.630Z,2026-08-02T17:54:20.137Z,11507,,,curify-326-local-v1.0.0,d8ae0f4ef77567b4dcf8f15635b11c140810c3b991a8134a99997e11ad6a1d9e,https://www.curify-ai.com/search?q=%E9%A5%AE%E6%96%99%E7%93%B6,https://www.curify-ai.com/search?q=%E9%A5%AE%E6%96%99%E7%93%B6,search_results,false,,automated,valid_product_response,
V154,154,drink bottle,curify,https://www.curify-ai.com/search?q=drink%20bottle,screenshots/V154__drink-bottle.jpg,success,200,37,1,2026-08-02T17:54:24.405Z,2026-08-02T17:54:40.454Z,16049,,,curify-326-local-v1.0.0,d8ae0f4ef77567b4dcf8f15635b11c140810c3b991a8134a99997e11ad6a1d9e,https://www.curify-ai.com/search?q=drink%20bottle,https://www.curify-ai.com/search?q=drink%20bottle,search_results,false,,automated,valid_product_response,
V155,155,水瓶标签,curify,https://www.curify-ai.com/search?q=%E6%B0%B4%E7%93%B6%E6%A0%87%E7%AD%BE,screenshots/V155__query.jpg,success,200,25,1,2026-08-02T17:54:44.946Z,2026-08-02T17:54:55.158Z,10212,,,curify-326-local-v1.0.0,d8ae0f4ef77567b4dcf8f15635b11c140810c3b991a8134a99997e11ad6a1d9e,https://www.curify-ai.com/search?q=%E6%B0%B4%E7%93%B6%E6%A0%87%E7%AD%BE,https://www.curify-ai.com/search?q=%E6%B0%B4%E7%93%B6%E6%A0%87%E7%AD%BE,search_results,false,,automated,valid_product_response,
V156,156,water bottle label,curify,https://www.curify-ai.com/search?q=water%20bottle%20label,screenshots/V156__water-bottle-label.jpg,success,200,20,1,2026-08-02T17:55:00.409Z,2026-08-02T17:55:20.965Z,20556,,,curify-326-local-v1.0.0,d8ae0f4ef77567b4dcf8f15635b11c140810c3b991a8134a99997e11ad6a1d9e,https://www.curify-ai.com/search?q=water%20bottle%20label,https://www.curify-ai.com/search?q=water%20bottle%20label,search_results,false,,automated,valid_product_response,
V157,157,信封,curify,https://www.curify-ai.com/search?q=%E4%BF%A1%E5%B0%81,screenshots/V157__query.jpg,success,200,11,1,2026-08-02T17:55:24.520Z,2026-08-02T17:55:40.292Z,15772,,,curify-326-local-v1.0.0,d8ae0f4ef77567b4dcf8f15635b11c140810c3b991a8134a99997e11ad6a1d9e,https://www.curify-ai.com/search?q=%E4%BF%A1%E5%B0%81,https://www.curify-ai.com/search?q=%E4%BF%A1%E5%B0%81,search_results,false,,automated,valid_product_response,
V158,158,envelope,curify,https://www.curify-ai.com/search?q=envelope,screenshots/V158__envelope.jpg,success,200,5,1,2026-08-02T17:55:46.843Z,2026-08-02T17:55:57.681Z,10838,,,curify-326-local-v1.0.0,d8ae0f4ef77567b4dcf8f15635b11c140810c3b991a8134a99997e11ad6a1d9e,https://www.curify-ai.com/search?q=envelope,https://www.curify-ai.com/search?q=envelope,search_results,false,,automated,valid_product_response,
V159,159,手提袋,curify,https://www.curify-ai.com/search?q=%E6%89%8B%E6%8F%90%E8%A2%8B,screenshots/V159__query.jpg,success,200,5,1,2026-08-02T17:56:02.626Z,2026-08-02T17:56:11.574Z,8948,,,curify-326-local-v1.0.0,d8ae0f4ef77567b4dcf8f15635b11c140810c3b991a8134a99997e11ad6a1d9e,https://www.curify-ai.com/search?q=%E6%89%8B%E6%8F%90%E8%A2%8B,https://www.curify-ai.com/search?q=%E6%89%8B%E6%8F%90%E8%A2%8B,search_results,false,,automated,valid_product_response,
V160,160,paper bag,curify,https://www.curify-ai.com/search?q=paper%20bag,screenshots/V160__paper-bag.jpg,success,200,37,1,2026-08-02T17:56:15.641Z,2026-08-02T17:56:31.600Z,15959,,,curify-326-local-v1.0.0,d8ae0f4ef77567b4dcf8f15635b11c140810c3b991a8134a99997e11ad6a1d9e,https://www.curify-ai.com/search?q=paper%20bag,https://www.curify-ai.com/search?q=paper%20bag,search_results,false,,automated,valid_product_response,
V161,161,蛋糕盒,curify,https://www.curify-ai.com/search?q=%E8%9B%8B%E7%B3%95%E7%9B%92,screenshots/V161__query.jpg,success,200,7,1,2026-08-02T17:57:42.567Z,2026-08-02T17:57:59.385Z,16818,,,curify-326-local-v1.0.0,d8ae0f4ef77567b4dcf8f15635b11c140810c3b991a8134a99997e11ad6a1d9e,https://www.curify-ai.com/search?q=%E8%9B%8B%E7%B3%95%E7%9B%92,https://www.curify-ai.com/search?q=%E8%9B%8B%E7%B3%95%E7%9B%92,search_results,false,,automated,valid_product_response,
V162,162,cake box,curify,https://www.curify-ai.com/search?q=cake%20box,screenshots/V162__cake-box.jpg,success,200,37,1,2026-08-02T17:58:04.222Z,2026-08-02T17:58:14.732Z,10510,,,curify-326-local-v1.0.0,d8ae0f4ef77567b4dcf8f15635b11c140810c3b991a8134a99997e11ad6a1d9e,https://www.curify-ai.com/search?q=cake%20box,https://www.curify-ai.com/search?q=cake%20box,search_results,false,,automated,valid_product_response,
V163,163,月饼礼盒,curify,https://www.curify-ai.com/search?q=%E6%9C%88%E9%A5%BC%E7%A4%BC%E7%9B%92,screenshots/V163__query.jpg,success,200,10,1,2026-08-02T16:03:18.890Z,2026-08-02T16:03:40.534Z,21644,,,curify-326-local-v1.0.0,d8ae0f4ef77567b4dcf8f15635b11c140810c3b991a8134a99997e11ad6a1d9e,https://www.curify-ai.com/search?q=%E6%9C%88%E9%A5%BC%E7%A4%BC%E7%9B%92,https://www.curify-ai.com/search?q=%E6%9C%88%E9%A5%BC%E7%A4%BC%E7%9B%92,search_results,false,,automated,valid_product_response,
V164,164,mooncake gift box,curify,https://www.curify-ai.com/search?q=mooncake%20gift%20box,screenshots/V164__mooncake-gift-box.jpg,success,200,17,1,2026-08-02T17:58:21.079Z,2026-08-02T17:58:29.307Z,8228,,,curify-326-local-v1.0.0,d8ae0f4ef77567b4dcf8f15635b11c140810c3b991a8134a99997e11ad6a1d9e,https://www.curify-ai.com/search?q=mooncake%20gift%20box,https://www.curify-ai.com/search?q=mooncake%20gift%20box,search_results,false,,automated,valid_product_response,
V165,165,横幅,curify,https://www.curify-ai.com/search?q=%E6%A8%AA%E5%B9%85,screenshots/V165__query.jpg,success,200,37,1,2026-08-02T17:58:35.812Z,2026-08-02T17:58:46.391Z,10579,,,curify-326-local-v1.0.0,d8ae0f4ef77567b4dcf8f15635b11c140810c3b991a8134a99997e11ad6a1d9e,https://www.curify-ai.com/search?q=%E6%A8%AA%E5%B9%85,https://www.curify-ai.com/search?q=%E6%A8%AA%E5%B9%85,search_results,false,,automated,valid_product_response,
V166,166,banner,curify,https://www.curify-ai.com/search?q=banner,screenshots/V166__banner.jpg,success,200,37,1,2026-08-02T17:58:52.494Z,2026-08-02T17:59:02.152Z,9658,,,curify-326-local-v1.0.0,d8ae0f4ef77567b4dcf8f15635b11c140810c3b991a8134a99997e11ad6a1d9e,https://www.curify-ai.com/search?q=banner,https://www.curify-ai.com/search?q=banner,search_results,false,,automated,valid_product_response,
V167,167,传单,curify,https://www.curify-ai.com/search?q=%E4%BC%A0%E5%8D%95,screenshots/V167__query.jpg,success,200,5,1,2026-08-02T17:59:05.870Z,2026-08-02T17:59:12.979Z,7109,,,curify-326-local-v1.0.0,d8ae0f4ef77567b4dcf8f15635b11c140810c3b991a8134a99997e11ad6a1d9e,https://www.curify-ai.com/search?q=%E4%BC%A0%E5%8D%95,https://www.curify-ai.com/search?q=%E4%BC%A0%E5%8D%95,search_results,false,,automated,valid_product_response,
V168,168,flyer,curify,https://www.curify-ai.com/search?q=flyer,screenshots/V168__flyer.jpg,success,200,,3,2026-08-03T03:40:00Z,2026-08-03T03:40:00Z,26082,,,curify-326-topic-redirect-retry-v1.0.0,d8ae0f4ef77567b4dcf8f15635b11c140810c3b991a8134a99997e11ad6a1d9e,https://www.curify-ai.com/search?q=flyer,https://www.curify-ai.com/topics/posters,topic_redirect,true,https://www.curify-ai.com/topics/posters,automated_retry,valid_product_response,stale_search_box_text
V169,169,画册,curify,https://www.curify-ai.com/search?q=%E7%94%BB%E5%86%8C,screenshots/V169__query.jpg,success,200,8,1,2026-08-02T17:59:33.639Z,2026-08-02T17:59:49.347Z,15708,,,curify-326-local-v1.0.0,d8ae0f4ef77567b4dcf8f15635b11c140810c3b991a8134a99997e11ad6a1d9e,https://www.curify-ai.com/search?q=%E7%94%BB%E5%86%8C,https://www.curify-ai.com/search?q=%E7%94%BB%E5%86%8C,search_results,false,,automated,valid_product_response,
V170,170,catalog,curify,https://www.curify-ai.com/search?q=catalog,screenshots/V170__catalog.jpg,success,200,8,1,2026-08-02T17:59:55.252Z,2026-08-02T18:00:00.890Z,5638,,,curify-326-local-v1.0.0,d8ae0f4ef77567b4dcf8f15635b11c140810c3b991a8134a99997e11ad6a1d9e,https://www.curify-ai.com/search?q=catalog,https://www.curify-ai.com/search?q=catalog,search_results,false,,automated,valid_product_response,
V171,171,促销横幅,curify,https://www.curify-ai.com/search?q=%E4%BF%83%E9%94%80%E6%A8%AA%E5%B9%85,screenshots/V171__query.jpg,success,200,5,1,2026-08-02T18:00:04.386Z,2026-08-02T18:00:11.735Z,7349,,,curify-326-local-v1.0.0,d8ae0f4ef77567b4dcf8f15635b11c140810c3b991a8134a99997e11ad6a1d9e,https://www.curify-ai.com/search?q=%E4%BF%83%E9%94%80%E6%A8%AA%E5%B9%85,https://www.curify-ai.com/search?q=%E4%BF%83%E9%94%80%E6%A8%AA%E5%B9%85,search_results,false,,automated,valid_product_response,
V172,172,sale banner,curify,https://www.curify-ai.com/search?q=sale%20banner,screenshots/V172__sale-banner.jpg,success,200,38,1,2026-08-02T18:00:18.099Z,2026-08-02T18:00:30.621Z,12522,,,curify-326-local-v1.0.0,d8ae0f4ef77567b4dcf8f15635b11c140810c3b991a8134a99997e11ad6a1d9e,https://www.curify-ai.com/search?q=sale%20banner,https://www.curify-ai.com/search?q=sale%20banner,search_results,false,,automated,valid_product_response,
V173,173,产品图,curify,https://www.curify-ai.com/search?q=%E4%BA%A7%E5%93%81%E5%9B%BE,screenshots/V173__query.jpg,success,200,22,1,2026-08-02T18:00:36.598Z,2026-08-02T18:00:44.802Z,8204,,,curify-326-local-v1.0.0,d8ae0f4ef77567b4dcf8f15635b11c140810c3b991a8134a99997e11ad6a1d9e,https://www.curify-ai.com/search?q=%E4%BA%A7%E5%93%81%E5%9B%BE,https://www.curify-ai.com/search?q=%E4%BA%A7%E5%93%81%E5%9B%BE,search_results,false,,automated,valid_product_response,
V174,174,product photo,curify,https://www.curify-ai.com/search?q=product%20photo,screenshots/V174__product-photo.jpg,success,200,35,1,2026-08-02T18:00:50.951Z,2026-08-02T18:01:02.113Z,11162,,,curify-326-local-v1.0.0,d8ae0f4ef77567b4dcf8f15635b11c140810c3b991a8134a99997e11ad6a1d9e,https://www.curify-ai.com/search?q=product%20photo,https://www.curify-ai.com/search?q=product%20photo,search_results,false,,automated,valid_product_response,
V175,175,促销活动,curify,https://www.curify-ai.com/search?q=%E4%BF%83%E9%94%80%E6%B4%BB%E5%8A%A8,screenshots/V175__query.jpg,success,200,9,1,2026-08-02T18:01:06.838Z,2026-08-02T18:01:15.286Z,8448,,,curify-326-local-v1.0.0,d8ae0f4ef77567b4dcf8f15635b11c140810c3b991a8134a99997e11ad6a1d9e,https://www.curify-ai.com/search?q=%E4%BF%83%E9%94%80%E6%B4%BB%E5%8A%A8,https://www.curify-ai.com/search?q=%E4%BF%83%E9%94%80%E6%B4%BB%E5%8A%A8,search_results,false,,automated,valid_product_response,
V176,176,promotion,curify,https://www.curify-ai.com/search?q=promotion,screenshots/V176__promotion.jpg,success,200,22,1,2026-08-02T18:01:20.993Z,2026-08-02T18:01:31.454Z,10461,,,curify-326-local-v1.0.0,d8ae0f4ef77567b4dcf8f15635b11c140810c3b991a8134a99997e11ad6a1d9e,https://www.curify-ai.com/search?q=promotion,https://www.curify-ai.com/search?q=promotion,search_results,false,,automated,valid_product_response,
V177,177,广告,curify,https://www.curify-ai.com/search?q=%E5%B9%BF%E5%91%8A,screenshots/V177__query.jpg,success,200,16,1,2026-08-02T18:01:37.911Z,2026-08-02T18:01:53.206Z,15295,,,curify-326-local-v1.0.0,d8ae0f4ef77567b4dcf8f15635b11c140810c3b991a8134a99997e11ad6a1d9e,https://www.curify-ai.com/search?q=%E5%B9%BF%E5%91%8A,https://www.curify-ai.com/search?q=%E5%B9%BF%E5%91%8A,search_results,false,,automated,valid_product_response,
V178,178,advertisement,curify,https://www.curify-ai.com/search?q=advertisement,screenshots/V178__advertisement.jpg,success,200,4,1,2026-08-02T18:01:56.747Z,2026-08-02T18:02:07.338Z,10591,,,curify-326-local-v1.0.0,d8ae0f4ef77567b4dcf8f15635b11c140810c3b991a8134a99997e11ad6a1d9e,https://www.curify-ai.com/search?q=advertisement,https://www.curify-ai.com/search?q=advertisement,search_results,false,,automated,valid_product_response,
V179,179,社交媒体帖子,curify,https://www.curify-ai.com/search?q=%E7%A4%BE%E4%BA%A4%E5%AA%92%E4%BD%93%E5%B8%96%E5%AD%90,screenshots/V179__query.jpg,success,200,37,1,2026-08-02T18:02:11.959Z,2026-08-02T18:02:24.853Z,12894,,,curify-326-local-v1.0.0,d8ae0f4ef77567b4dcf8f15635b11c140810c3b991a8134a99997e11ad6a1d9e,https://www.curify-ai.com/search?q=%E7%A4%BE%E4%BA%A4%E5%AA%92%E4%BD%93%E5%B8%96%E5%AD%90,https://www.curify-ai.com/search?q=%E7%A4%BE%E4%BA%A4%E5%AA%92%E4%BD%93%E5%B8%96%E5%AD%90,search_results,false,,automated,valid_product_response,
V180,180,social media post,curify,https://www.curify-ai.com/search?q=social%20media%20post,screenshots/V180__social-media-post.jpg,success,200,37,1,2026-08-02T18:02:30.833Z,2026-08-02T18:02:42.786Z,11953,,,curify-326-local-v1.0.0,d8ae0f4ef77567b4dcf8f15635b11c140810c3b991a8134a99997e11ad6a1d9e,https://www.curify-ai.com/search?q=social%20media%20post,https://www.curify-ai.com/search?q=social%20media%20post,search_results,false,,automated,valid_product_response,
V181,181,产品展示,curify,https://www.curify-ai.com/search?q=%E4%BA%A7%E5%93%81%E5%B1%95%E7%A4%BA,screenshots/V181__query.jpg,success,200,38,1,2026-08-02T18:02:49.665Z,2026-08-02T18:03:03.640Z,13975,,,curify-326-local-v1.0.0,d8ae0f4ef77567b4dcf8f15635b11c140810c3b991a8134a99997e11ad6a1d9e,https://www.curify-ai.com/search?q=%E4%BA%A7%E5%93%81%E5%B1%95%E7%A4%BA,https://www.curify-ai.com/search?q=%E4%BA%A7%E5%93%81%E5%B1%95%E7%A4%BA,search_results,false,,automated,valid_product_response,
V182,182,product display,curify,https://www.curify-ai.com/search?q=product%20display,screenshots/V182__product-display.jpg,success,200,38,1,2026-08-02T18:03:08.206Z,2026-08-02T18:03:24.761Z,16555,,,curify-326-local-v1.0.0,d8ae0f4ef77567b4dcf8f15635b11c140810c3b991a8134a99997e11ad6a1d9e,https://www.curify-ai.com/search?q=product%20display,https://www.curify-ai.com/search?q=product%20display,search_results,false,,automated,valid_product_response,
V183,183,餐厅传单,curify,https://www.curify-ai.com/search?q=%E9%A4%90%E5%8E%85%E4%BC%A0%E5%8D%95,screenshots/V183__query.jpg,success,200,5,1,2026-08-02T18:03:28.175Z,2026-08-02T18:03:37.766Z,9591,,,curify-326-local-v1.0.0,d8ae0f4ef77567b4dcf8f15635b11c140810c3b991a8134a99997e11ad6a1d9e,https://www.curify-ai.com/search?q=%E9%A4%90%E5%8E%85%E4%BC%A0%E5%8D%95,https://www.curify-ai.com/search?q=%E9%A4%90%E5%8E%85%E4%BC%A0%E5%8D%95,search_results,false,,automated,valid_product_response,
V184,184,restaurant flyer,curify,https://www.curify-ai.com/search?q=restaurant%20flyer,screenshots/V184__restaurant-flyer.jpg,success,200,34,1,2026-08-02T18:03:41.856Z,2026-08-02T18:03:55.438Z,13582,,,curify-326-local-v1.0.0,d8ae0f4ef77567b4dcf8f15635b11c140810c3b991a8134a99997e11ad6a1d9e,https://www.curify-ai.com/search?q=restaurant%20flyer,https://www.curify-ai.com/search?q=restaurant%20flyer,search_results,false,,automated,valid_product_response,
V185,185,电影海报,curify,https://www.curify-ai.com/search?q=%E7%94%B5%E5%BD%B1%E6%B5%B7%E6%8A%A5,screenshots/V185__query.jpg,success,200,30,1,2026-08-02T18:03:59.131Z,2026-08-02T18:04:11.225Z,12094,,,curify-326-local-v1.0.0,d8ae0f4ef77567b4dcf8f15635b11c140810c3b991a8134a99997e11ad6a1d9e,https://www.curify-ai.com/search?q=%E7%94%B5%E5%BD%B1%E6%B5%B7%E6%8A%A5,https://www.curify-ai.com/search?q=%E7%94%B5%E5%BD%B1%E6%B5%B7%E6%8A%A5,search_results,false,,automated,valid_product_response,
V186,186,movie poster,curify,https://www.curify-ai.com/search?q=movie%20poster,screenshots/V186__movie-poster.jpg,success,200,25,1,2026-08-02T18:04:15.320Z,2026-08-02T18:04:27.629Z,12309,,,curify-326-local-v1.0.0,d8ae0f4ef77567b4dcf8f15635b11c140810c3b991a8134a99997e11ad6a1d9e,https://www.curify-ai.com/search?q=movie%20poster,https://www.curify-ai.com/search?q=movie%20poster,search_results,false,,automated,valid_product_response,
V187,187,产品横幅,curify,https://www.curify-ai.com/search?q=%E4%BA%A7%E5%93%81%E6%A8%AA%E5%B9%85,screenshots/V187__query.jpg,success,200,26,1,2026-08-02T18:04:31.055Z,2026-08-02T18:04:41.866Z,10811,,,curify-326-local-v1.0.0,d8ae0f4ef77567b4dcf8f15635b11c140810c3b991a8134a99997e11ad6a1d9e,https://www.curify-ai.com/search?q=%E4%BA%A7%E5%93%81%E6%A8%AA%E5%B9%85,https://www.curify-ai.com/search?q=%E4%BA%A7%E5%93%81%E6%A8%AA%E5%B9%85,search_results,false,,automated,valid_product_response,
V188,188,product banner,curify,https://www.curify-ai.com/search?q=product%20banner,screenshots/V188__product-banner.jpg,success,200,38,1,2026-08-02T18:04:47.919Z,2026-08-02T18:05:01.076Z,13156,,,curify-326-local-v1.0.0,d8ae0f4ef77567b4dcf8f15635b11c140810c3b991a8134a99997e11ad6a1d9e,https://www.curify-ai.com/search?q=product%20banner,https://www.curify-ai.com/search?q=product%20banner,search_results,false,,automated,valid_product_response,
V189,189,促销海报,curify,https://www.curify-ai.com/search?q=%E4%BF%83%E9%94%80%E6%B5%B7%E6%8A%A5,screenshots/V189__query.jpg,success,200,11,1,2026-08-02T18:05:06.557Z,2026-08-02T18:05:14.018Z,7461,,,curify-326-local-v1.0.0,d8ae0f4ef77567b4dcf8f15635b11c140810c3b991a8134a99997e11ad6a1d9e,https://www.curify-ai.com/search?q=%E4%BF%83%E9%94%80%E6%B5%B7%E6%8A%A5,https://www.curify-ai.com/search?q=%E4%BF%83%E9%94%80%E6%B5%B7%E6%8A%A5,search_results,false,,automated,valid_product_response,
V190,190,sale poster,curify,https://www.curify-ai.com/search?q=sale%20poster,screenshots/V190__sale-poster.jpg,success,200,38,1,2026-08-02T18:05:18.100Z,2026-08-02T18:05:29.587Z,11487,,,curify-326-local-v1.0.0,d8ae0f4ef77567b4dcf8f15635b11c140810c3b991a8134a99997e11ad6a1d9e,https://www.curify-ai.com/search?q=sale%20poster,https://www.curify-ai.com/search?q=sale%20poster,search_results,false,,automated,valid_product_response,
V191,191,折扣传单,curify,https://www.curify-ai.com/search?q=%E6%8A%98%E6%89%A3%E4%BC%A0%E5%8D%95,screenshots/V191__query.jpg,success,200,1,1,2026-08-02T18:05:34.706Z,2026-08-02T18:05:42.197Z,7491,,,curify-326-local-v1.0.0,d8ae0f4ef77567b4dcf8f15635b11c140810c3b991a8134a99997e11ad6a1d9e,https://www.curify-ai.com/search?q=%E6%8A%98%E6%89%A3%E4%BC%A0%E5%8D%95,https://www.curify-ai.com/search?q=%E6%8A%98%E6%89%A3%E4%BC%A0%E5%8D%95,search_results,false,,automated,valid_product_response,
V192,192,discount flyer,curify,https://www.curify-ai.com/search?q=discount%20flyer,screenshots/V192__discount-flyer.jpg,success,200,13,1,2026-08-02T18:05:45.954Z,2026-08-02T18:06:00.307Z,14353,,,curify-326-local-v1.0.0,d8ae0f4ef77567b4dcf8f15635b11c140810c3b991a8134a99997e11ad6a1d9e,https://www.curify-ai.com/search?q=discount%20flyer,https://www.curify-ai.com/search?q=discount%20flyer,search_results,false,,automated,valid_product_response,
V193,193,电商横幅,curify,https://www.curify-ai.com/search?q=%E7%94%B5%E5%95%86%E6%A8%AA%E5%B9%85,screenshots/V193__query.jpg,success,200,15,1,2026-08-02T18:06:03.488Z,2026-08-02T18:06:10.217Z,6729,,,curify-326-local-v1.0.0,d8ae0f4ef77567b4dcf8f15635b11c140810c3b991a8134a99997e11ad6a1d9e,https://www.curify-ai.com/search?q=%E7%94%B5%E5%95%86%E6%A8%AA%E5%B9%85,https://www.curify-ai.com/search?q=%E7%94%B5%E5%95%86%E6%A8%AA%E5%B9%85,search_results,false,,automated,valid_product_response,
V194,194,ecommerce banner,curify,https://www.curify-ai.com/search?q=ecommerce%20banner,screenshots/V194__ecommerce-banner.jpg,success,200,38,1,2026-08-02T18:06:14.877Z,2026-08-02T18:06:25.574Z,10697,,,curify-326-local-v1.0.0,d8ae0f4ef77567b4dcf8f15635b11c140810c3b991a8134a99997e11ad6a1d9e,https://www.curify-ai.com/search?q=ecommerce%20banner,https://www.curify-ai.com/search?q=ecommerce%20banner,search_results,false,,automated,valid_product_response,
V195,195,产品画册,curify,https://www.curify-ai.com/search?q=%E4%BA%A7%E5%93%81%E7%94%BB%E5%86%8C,screenshots/V195__query.jpg,success,200,25,1,2026-08-02T18:06:29.964Z,2026-08-02T18:06:39.968Z,10004,,,curify-326-local-v1.0.0,d8ae0f4ef77567b4dcf8f15635b11c140810c3b991a8134a99997e11ad6a1d9e,https://www.curify-ai.com/search?q=%E4%BA%A7%E5%93%81%E7%94%BB%E5%86%8C,https://www.curify-ai.com/search?q=%E4%BA%A7%E5%93%81%E7%94%BB%E5%86%8C,search_results,false,,automated,valid_product_response,
V196,196,product catalog,curify,https://www.curify-ai.com/search?q=product%20catalog,screenshots/V196__product-catalog.jpg,success,200,39,1,2026-08-02T18:06:45.278Z,2026-08-02T18:06:56.414Z,11136,,,curify-326-local-v1.0.0,d8ae0f4ef77567b4dcf8f15635b11c140810c3b991a8134a99997e11ad6a1d9e,https://www.curify-ai.com/search?q=product%20catalog,https://www.curify-ai.com/search?q=product%20catalog,search_results,false,,automated,valid_product_response,
V197,197,活动传单,curify,https://www.curify-ai.com/search?q=%E6%B4%BB%E5%8A%A8%E4%BC%A0%E5%8D%95,screenshots/V197__query.jpg,success,200,5,1,2026-08-02T18:07:02.025Z,2026-08-02T18:07:09.119Z,7094,,,curify-326-local-v1.0.0,d8ae0f4ef77567b4dcf8f15635b11c140810c3b991a8134a99997e11ad6a1d9e,https://www.curify-ai.com/search?q=%E6%B4%BB%E5%8A%A8%E4%BC%A0%E5%8D%95,https://www.curify-ai.com/search?q=%E6%B4%BB%E5%8A%A8%E4%BC%A0%E5%8D%95,search_results,false,,automated,valid_product_response,
V198,198,event flyer,curify,https://www.curify-ai.com/search?q=event%20flyer,screenshots/V198__event-flyer.jpg,success,200,36,1,2026-08-02T18:07:12.840Z,2026-08-02T18:07:23.151Z,10311,,,curify-326-local-v1.0.0,d8ae0f4ef77567b4dcf8f15635b11c140810c3b991a8134a99997e11ad6a1d9e,https://www.curify-ai.com/search?q=event%20flyer,https://www.curify-ai.com/search?q=event%20flyer,search_results,false,,automated,valid_product_response,
V199,199,开业横幅,curify,https://www.curify-ai.com/search?q=%E5%BC%80%E4%B8%9A%E6%A8%AA%E5%B9%85,screenshots/V199__query.jpg,success,200,24,1,2026-08-02T18:07:30.008Z,2026-08-02T18:07:41.789Z,11781,,,curify-326-local-v1.0.0,d8ae0f4ef77567b4dcf8f15635b11c140810c3b991a8134a99997e11ad6a1d9e,https://www.curify-ai.com/search?q=%E5%BC%80%E4%B8%9A%E6%A8%AA%E5%B9%85,https://www.curify-ai.com/search?q=%E5%BC%80%E4%B8%9A%E6%A8%AA%E5%B9%85,search_results,false,,automated,valid_product_response,
V200,200,grand opening banner,curify,https://www.curify-ai.com/search?q=grand%20opening%20banner,screenshots/V200__grand-opening-banner.jpg,success,200,23,1,2026-08-02T18:07:45.264Z,2026-08-02T18:07:54.343Z,9079,,,curify-326-local-v1.0.0,d8ae0f4ef77567b4dcf8f15635b11c140810c3b991a8134a99997e11ad6a1d9e,https://www.curify-ai.com/search?q=grand%20opening%20banner,https://www.curify-ai.com/search?q=grand%20opening%20banner,search_results,false,,automated,valid_product_response,
V201,201,节日促销横幅,curify,https://www.curify-ai.com/search?q=%E8%8A%82%E6%97%A5%E4%BF%83%E9%94%80%E6%A8%AA%E5%B9%85,screenshots/V201__query.jpg,success,200,25,1,2026-08-02T18:07:58.247Z,2026-08-02T18:08:06.736Z,8489,,,curify-326-local-v1.0.0,d8ae0f4ef77567b4dcf8f15635b11c140810c3b991a8134a99997e11ad6a1d9e,https://www.curify-ai.com/search?q=%E8%8A%82%E6%97%A5%E4%BF%83%E9%94%80%E6%A8%AA%E5%B9%85,https://www.curify-ai.com/search?q=%E8%8A%82%E6%97%A5%E4%BF%83%E9%94%80%E6%A8%AA%E5%B9%85,search_results,false,,automated,valid_product_response,
V202,202,holiday sale banner,curify,https://www.curify-ai.com/search?q=holiday%20sale%20banner,screenshots/V202__holiday-sale-banner.jpg,success,200,21,1,2026-08-02T18:08:12.689Z,2026-08-02T18:08:21.325Z,8636,,,curify-326-local-v1.0.0,d8ae0f4ef77567b4dcf8f15635b11c140810c3b991a8134a99997e11ad6a1d9e,https://www.curify-ai.com/search?q=holiday%20sale%20banner,https://www.curify-ai.com/search?q=holiday%20sale%20banner,search_results,false,,automated,valid_product_response,
V203,203,新品横幅,curify,https://www.curify-ai.com/search?q=%E6%96%B0%E5%93%81%E6%A8%AA%E5%B9%85,screenshots/V203__query.jpg,success,200,23,1,2026-08-02T18:08:26.421Z,2026-08-02T18:08:34.115Z,7694,,,curify-326-local-v1.0.0,d8ae0f4ef77567b4dcf8f15635b11c140810c3b991a8134a99997e11ad6a1d9e,https://www.curify-ai.com/search?q=%E6%96%B0%E5%93%81%E6%A8%AA%E5%B9%85,https://www.curify-ai.com/search?q=%E6%96%B0%E5%93%81%E6%A8%AA%E5%B9%85,search_results,false,,automated,valid_product_response,
V204,204,new arrival banner,curify,https://www.curify-ai.com/search?q=new%20arrival%20banner,screenshots/V204__new-arrival-banner.jpg,success,200,20,1,2026-08-02T18:08:38.136Z,2026-08-02T18:08:46.056Z,7920,,,curify-326-local-v1.0.0,d8ae0f4ef77567b4dcf8f15635b11c140810c3b991a8134a99997e11ad6a1d9e,https://www.curify-ai.com/search?q=new%20arrival%20banner,https://www.curify-ai.com/search?q=new%20arrival%20banner,search_results,false,,automated,valid_product_response,
V205,205,限时促销海报,curify,https://www.curify-ai.com/search?q=%E9%99%90%E6%97%B6%E4%BF%83%E9%94%80%E6%B5%B7%E6%8A%A5,screenshots/V205__query.jpg,success,200,22,1,2026-08-02T18:08:51.507Z,2026-08-02T18:09:00.331Z,8824,,,curify-326-local-v1.0.0,d8ae0f4ef77567b4dcf8f15635b11c140810c3b991a8134a99997e11ad6a1d9e,https://www.curify-ai.com/search?q=%E9%99%90%E6%97%B6%E4%BF%83%E9%94%80%E6%B5%B7%E6%8A%A5,https://www.curify-ai.com/search?q=%E9%99%90%E6%97%B6%E4%BF%83%E9%94%80%E6%B5%B7%E6%8A%A5,search_results,false,,automated,valid_product_response,
V206,206,flash sale poster,curify,https://www.curify-ai.com/search?q=flash%20sale%20poster,screenshots/V206__flash-sale-poster.jpg,success,200,23,1,2026-08-02T18:09:07.132Z,2026-08-02T18:09:16.372Z,9240,,,curify-326-local-v1.0.0,d8ae0f4ef77567b4dcf8f15635b11c140810c3b991a8134a99997e11ad6a1d9e,https://www.curify-ai.com/search?q=flash%20sale%20poster,https://www.curify-ai.com/search?q=flash%20sale%20poster,search_results,false,,automated,valid_product_response,
V207,207,清仓促销横幅,curify,https://www.curify-ai.com/search?q=%E6%B8%85%E4%BB%93%E4%BF%83%E9%94%80%E6%A8%AA%E5%B9%85,screenshots/V207__query.jpg,success,200,25,1,2026-08-02T18:09:23.207Z,2026-08-02T18:09:41.597Z,18390,,,curify-326-local-v1.0.0,d8ae0f4ef77567b4dcf8f15635b11c140810c3b991a8134a99997e11ad6a1d9e,https://www.curify-ai.com/search?q=%E6%B8%85%E4%BB%93%E4%BF%83%E9%94%80%E6%A8%AA%E5%B9%85,https://www.curify-ai.com/search?q=%E6%B8%85%E4%BB%93%E4%BF%83%E9%94%80%E6%A8%AA%E5%B9%85,search_results,false,,automated,valid_product_response,
V208,208,clearance sale banner,curify,https://www.curify-ai.com/search?q=clearance%20sale%20banner,screenshots/V208__clearance-sale-banner.jpg,success,200,21,1,2026-08-02T18:09:48.427Z,2026-08-02T18:09:57.789Z,9362,,,curify-326-local-v1.0.0,d8ae0f4ef77567b4dcf8f15635b11c140810c3b991a8134a99997e11ad6a1d9e,https://www.curify-ai.com/search?q=clearance%20sale%20banner,https://www.curify-ai.com/search?q=clearance%20sale%20banner,search_results,false,,automated,valid_product_response,
V209,209,产品详情图,curify,https://www.curify-ai.com/search?q=%E4%BA%A7%E5%93%81%E8%AF%A6%E6%83%85%E5%9B%BE,screenshots/V209__query.jpg,success,200,8,1,2026-08-02T18:10:02.850Z,2026-08-02T18:10:10.456Z,7606,,,curify-326-local-v1.0.0,d8ae0f4ef77567b4dcf8f15635b11c140810c3b991a8134a99997e11ad6a1d9e,https://www.curify-ai.com/search?q=%E4%BA%A7%E5%93%81%E8%AF%A6%E6%83%85%E5%9B%BE,https://www.curify-ai.com/search?q=%E4%BA%A7%E5%93%81%E8%AF%A6%E6%83%85%E5%9B%BE,search_results,false,,automated,valid_product_response,
V210,210,product listing image,curify,https://www.curify-ai.com/search?q=product%20listing%20image,screenshots/V210__product-listing-image.jpg,success,200,35,1,2026-08-02T18:10:15.626Z,2026-08-02T18:10:27.692Z,12066,,,curify-326-local-v1.0.0,d8ae0f4ef77567b4dcf8f15635b11c140810c3b991a8134a99997e11ad6a1d9e,https://www.curify-ai.com/search?q=product%20listing%20image,https://www.curify-ai.com/search?q=product%20listing%20image,search_results,false,,automated,valid_product_response,
V211,211,网店横幅,curify,https://www.curify-ai.com/search?q=%E7%BD%91%E5%BA%97%E6%A8%AA%E5%B9%85,screenshots/V211__query.jpg,success,200,21,1,2026-08-02T18:11:24.967Z,2026-08-02T18:11:42.312Z,17345,,,curify-326-local-v1.0.0,d8ae0f4ef77567b4dcf8f15635b11c140810c3b991a8134a99997e11ad6a1d9e,https://www.curify-ai.com/search?q=%E7%BD%91%E5%BA%97%E6%A8%AA%E5%B9%85,https://www.curify-ai.com/search?q=%E7%BD%91%E5%BA%97%E6%A8%AA%E5%B9%85,search_results,false,,automated,valid_product_response,
V212,212,online store banner,curify,https://www.curify-ai.com/search?q=online%20store%20banner,screenshots/V212__online-store-banner.jpg,success,200,24,1,2026-08-02T18:11:46.481Z,2026-08-02T18:11:55.242Z,8761,,,curify-326-local-v1.0.0,d8ae0f4ef77567b4dcf8f15635b11c140810c3b991a8134a99997e11ad6a1d9e,https://www.curify-ai.com/search?q=online%20store%20banner,https://www.curify-ai.com/search?q=online%20store%20banner,search_results,false,,automated,valid_product_response,
V213,213,社交媒体广告,curify,https://www.curify-ai.com/search?q=%E7%A4%BE%E4%BA%A4%E5%AA%92%E4%BD%93%E5%B9%BF%E5%91%8A,screenshots/V213__query.jpg,success,200,38,1,2026-08-02T18:12:01.348Z,2026-08-02T18:12:13.781Z,12433,,,curify-326-local-v1.0.0,d8ae0f4ef77567b4dcf8f15635b11c140810c3b991a8134a99997e11ad6a1d9e,https://www.curify-ai.com/search?q=%E7%A4%BE%E4%BA%A4%E5%AA%92%E4%BD%93%E5%B9%BF%E5%91%8A,https://www.curify-ai.com/search?q=%E7%A4%BE%E4%BA%A4%E5%AA%92%E4%BD%93%E5%B9%BF%E5%91%8A,search_results,false,,automated,valid_product_response,
V214,214,social media ad,curify,https://www.curify-ai.com/search?q=social%20media%20ad,screenshots/V214__social-media-ad.jpg,success,200,37,1,2026-08-02T18:12:18.492Z,2026-08-02T18:12:28.871Z,10379,,,curify-326-local-v1.0.0,d8ae0f4ef77567b4dcf8f15635b11c140810c3b991a8134a99997e11ad6a1d9e,https://www.curify-ai.com/search?q=social%20media%20ad,https://www.curify-ai.com/search?q=social%20media%20ad,search_results,false,,automated,valid_product_response,
V215,215,种草帖,curify,https://www.curify-ai.com/search?q=%E7%A7%8D%E8%8D%89%E5%B8%96,screenshots/V215__query.jpg,success,200,24,1,2026-08-02T18:12:35.190Z,2026-08-02T18:12:46.491Z,11301,,,curify-326-local-v1.0.0,d8ae0f4ef77567b4dcf8f15635b11c140810c3b991a8134a99997e11ad6a1d9e,https://www.curify-ai.com/search?q=%E7%A7%8D%E8%8D%89%E5%B8%96,https://www.curify-ai.com/search?q=%E7%A7%8D%E8%8D%89%E5%B8%96,search_results,false,,automated,valid_product_response,
V216,216,influencer post,curify,https://www.curify-ai.com/search?q=influencer%20post,screenshots/V216__influencer-post.jpg,success,200,9,1,2026-08-02T18:12:53.430Z,2026-08-02T18:13:03.220Z,9790,,,curify-326-local-v1.0.0,d8ae0f4ef77567b4dcf8f15635b11c140810c3b991a8134a99997e11ad6a1d9e,https://www.curify-ai.com/search?q=influencer%20post,https://www.curify-ai.com/search?q=influencer%20post,search_results,false,,automated,valid_product_response,
V217,217,开箱照,curify,https://www.curify-ai.com/search?q=%E5%BC%80%E7%AE%B1%E7%85%A7,screenshots/V217__query.jpg,success,200,20,1,2026-08-02T18:13:08.095Z,2026-08-02T18:13:16.613Z,8518,,,curify-326-local-v1.0.0,d8ae0f4ef77567b4dcf8f15635b11c140810c3b991a8134a99997e11ad6a1d9e,https://www.curify-ai.com/search?q=%E5%BC%80%E7%AE%B1%E7%85%A7,https://www.curify-ai.com/search?q=%E5%BC%80%E7%AE%B1%E7%85%A7,search_results,false,,automated,valid_product_response,
V218,218,unboxing photo,curify,https://www.curify-ai.com/search?q=unboxing%20photo,screenshots/V218__unboxing-photo.jpg,success,200,37,1,2026-08-02T18:13:22.966Z,2026-08-02T18:13:35.240Z,12274,,,curify-326-local-v1.0.0,d8ae0f4ef77567b4dcf8f15635b11c140810c3b991a8134a99997e11ad6a1d9e,https://www.curify-ai.com/search?q=unboxing%20photo,https://www.curify-ai.com/search?q=unboxing%20photo,search_results,false,,automated,valid_product_response,
V219,219,前后对比图,curify,https://www.curify-ai.com/search?q=%E5%89%8D%E5%90%8E%E5%AF%B9%E6%AF%94%E5%9B%BE,screenshots/V219__query.jpg,success,200,19,1,2026-08-02T18:13:41.655Z,2026-08-02T18:13:55.151Z,13496,,,curify-326-local-v1.0.0,d8ae0f4ef77567b4dcf8f15635b11c140810c3b991a8134a99997e11ad6a1d9e,https://www.curify-ai.com/search?q=%E5%89%8D%E5%90%8E%E5%AF%B9%E6%AF%94%E5%9B%BE,https://www.curify-ai.com/search?q=%E5%89%8D%E5%90%8E%E5%AF%B9%E6%AF%94%E5%9B%BE,search_results,false,,automated,valid_product_response,
V220,220,before after comparison,curify,https://www.curify-ai.com/search?q=before%20after%20comparison,screenshots/V220__before-after-comparison.jpg,success,200,28,1,2026-08-02T18:13:59.511Z,2026-08-02T18:14:15.233Z,15722,,,curify-326-local-v1.0.0,d8ae0f4ef77567b4dcf8f15635b11c140810c3b991a8134a99997e11ad6a1d9e,https://www.curify-ai.com/search?q=before%20after%20comparison,https://www.curify-ai.com/search?q=before%20after%20comparison,search_results,false,,automated,valid_product_response,
V221,221,优惠券,curify,https://www.curify-ai.com/search?q=%E4%BC%98%E6%83%A0%E5%88%B8,screenshots/V221__query.jpg,success,200,3,1,2026-08-02T18:14:19.394Z,2026-08-02T18:14:29.547Z,10153,,,curify-326-local-v1.0.0,d8ae0f4ef77567b4dcf8f15635b11c140810c3b991a8134a99997e11ad6a1d9e,https://www.curify-ai.com/search?q=%E4%BC%98%E6%83%A0%E5%88%B8,https://www.curify-ai.com/search?q=%E4%BC%98%E6%83%A0%E5%88%B8,search_results,false,,automated,valid_product_response,
V222,222,discount coupon,curify,https://www.curify-ai.com/search?q=discount%20coupon,screenshots/V222__discount-coupon.jpg,success,200,5,1,2026-08-02T18:14:32.796Z,2026-08-02T18:14:43.600Z,10804,,,curify-326-local-v1.0.0,d8ae0f4ef77567b4dcf8f15635b11c140810c3b991a8134a99997e11ad6a1d9e,https://www.curify-ai.com/search?q=discount%20coupon,https://www.curify-ai.com/search?q=discount%20coupon,search_results,false,,automated,valid_product_response,
V223,223,会员卡,curify,https://www.curify-ai.com/search?q=%E4%BC%9A%E5%91%98%E5%8D%A1,screenshots/V223__query.jpg,success,200,9,1,2026-08-02T18:14:46.624Z,2026-08-02T18:14:58.396Z,11773,,,curify-326-local-v1.0.0,d8ae0f4ef77567b4dcf8f15635b11c140810c3b991a8134a99997e11ad6a1d9e,https://www.curify-ai.com/search?q=%E4%BC%9A%E5%91%98%E5%8D%A1,https://www.curify-ai.com/search?q=%E4%BC%9A%E5%91%98%E5%8D%A1,search_results,false,,automated,valid_product_response,
V224,224,membership card,curify,https://www.curify-ai.com/search?q=membership%20card,screenshots/V224__membership-card.jpg,success,200,37,1,2026-08-02T18:15:02.745Z,2026-08-02T18:15:22.900Z,20155,,,curify-326-local-v1.0.0,d8ae0f4ef77567b4dcf8f15635b11c140810c3b991a8134a99997e11ad6a1d9e,https://www.curify-ai.com/search?q=membership%20card,https://www.curify-ai.com/search?q=membership%20card,search_results,false,,automated,valid_product_response,
V225,225,积分卡,curify,https://www.curify-ai.com/search?q=%E7%A7%AF%E5%88%86%E5%8D%A1,screenshots/V225__query.jpg,success,200,24,1,2026-08-02T18:15:28.032Z,2026-08-02T18:15:38.150Z,10118,,,curify-326-local-v1.0.0,d8ae0f4ef77567b4dcf8f15635b11c140810c3b991a8134a99997e11ad6a1d9e,https://www.curify-ai.com/search?q=%E7%A7%AF%E5%88%86%E5%8D%A1,https://www.curify-ai.com/search?q=%E7%A7%AF%E5%88%86%E5%8D%A1,search_results,false,,automated,valid_product_response,
V226,226,loyalty card,curify,https://www.curify-ai.com/search?q=loyalty%20card,screenshots/V226__loyalty-card.jpg,success,200,37,1,2026-08-02T18:15:43.760Z,2026-08-02T18:15:59.248Z,15488,,,curify-326-local-v1.0.0,d8ae0f4ef77567b4dcf8f15635b11c140810c3b991a8134a99997e11ad6a1d9e,https://www.curify-ai.com/search?q=loyalty%20card,https://www.curify-ai.com/search?q=loyalty%20card,search_results,false,,automated,valid_product_response,
V227,227,礼品卡,curify,https://www.curify-ai.com/search?q=%E7%A4%BC%E5%93%81%E5%8D%A1,screenshots/V227__query.jpg,success,200,4,1,2026-08-02T18:16:05.610Z,2026-08-02T18:16:12.374Z,6764,,,curify-326-local-v1.0.0,d8ae0f4ef77567b4dcf8f15635b11c140810c3b991a8134a99997e11ad6a1d9e,https://www.curify-ai.com/search?q=%E7%A4%BC%E5%93%81%E5%8D%A1,https://www.curify-ai.com/search?q=%E7%A4%BC%E5%93%81%E5%8D%A1,search_results,false,,automated,valid_product_response,
V228,228,gift card,curify,https://www.curify-ai.com/search?q=gift%20card,screenshots/V228__gift-card.jpg,success,200,38,1,2026-08-02T18:16:15.728Z,2026-08-02T18:16:27.009Z,11281,,,curify-326-local-v1.0.0,d8ae0f4ef77567b4dcf8f15635b11c140810c3b991a8134a99997e11ad6a1d9e,https://www.curify-ai.com/search?q=gift%20card,https://www.curify-ai.com/search?q=gift%20card,search_results,false,,automated,valid_product_response,
V229,229,门店横幅,curify,https://www.curify-ai.com/search?q=%E9%97%A8%E5%BA%97%E6%A8%AA%E5%B9%85,screenshots/V229__query.jpg,success,200,20,1,2026-08-02T18:16:33.481Z,2026-08-02T18:16:44.028Z,10547,,,curify-326-local-v1.0.0,d8ae0f4ef77567b4dcf8f15635b11c140810c3b991a8134a99997e11ad6a1d9e,https://www.curify-ai.com/search?q=%E9%97%A8%E5%BA%97%E6%A8%AA%E5%B9%85,https://www.curify-ai.com/search?q=%E9%97%A8%E5%BA%97%E6%A8%AA%E5%B9%85,search_results,false,,automated,valid_product_response,
V230,230,storefront banner,curify,https://www.curify-ai.com/search?q=storefront%20banner,screenshots/V230__storefront-banner.jpg,success,200,37,1,2026-08-02T18:16:48.994Z,2026-08-02T18:17:00.382Z,11388,,,curify-326-local-v1.0.0,d8ae0f4ef77567b4dcf8f15635b11c140810c3b991a8134a99997e11ad6a1d9e,https://www.curify-ai.com/search?q=storefront%20banner,https://www.curify-ai.com/search?q=storefront%20banner,search_results,false,,automated,valid_product_response,
V231,231,橱窗展示,curify,https://www.curify-ai.com/search?q=%E6%A9%B1%E7%AA%97%E5%B1%95%E7%A4%BA,screenshots/V231__query.jpg,success,200,24,1,2026-08-02T18:17:06.769Z,2026-08-02T18:17:16.719Z,9950,,,curify-326-local-v1.0.0,d8ae0f4ef77567b4dcf8f15635b11c140810c3b991a8134a99997e11ad6a1d9e,https://www.curify-ai.com/search?q=%E6%A9%B1%E7%AA%97%E5%B1%95%E7%A4%BA,https://www.curify-ai.com/search?q=%E6%A9%B1%E7%AA%97%E5%B1%95%E7%A4%BA,search_results,false,,automated,valid_product_response,
V232,232,window display,curify,https://www.curify-ai.com/search?q=window%20display,screenshots/V232__window-display.jpg,success,200,28,1,2026-08-02T18:17:22.863Z,2026-08-02T18:17:39.324Z,16461,,,curify-326-local-v1.0.0,d8ae0f4ef77567b4dcf8f15635b11c140810c3b991a8134a99997e11ad6a1d9e,https://www.curify-ai.com/search?q=window%20display,https://www.curify-ai.com/search?q=window%20display,search_results,false,,automated,valid_product_response,
V233,233,展会展架,curify,https://www.curify-ai.com/search?q=%E5%B1%95%E4%BC%9A%E5%B1%95%E6%9E%B6,screenshots/V233__query.jpg,success,200,8,1,2026-08-02T18:17:42.930Z,2026-08-02T18:17:51.335Z,8405,,,curify-326-local-v1.0.0,d8ae0f4ef77567b4dcf8f15635b11c140810c3b991a8134a99997e11ad6a1d9e,https://www.curify-ai.com/search?q=%E5%B1%95%E4%BC%9A%E5%B1%95%E6%9E%B6,https://www.curify-ai.com/search?q=%E5%B1%95%E4%BC%9A%E5%B1%95%E6%9E%B6,search_results,false,,automated,valid_product_response,
V234,234,trade show banner,curify,https://www.curify-ai.com/search?q=trade%20show%20banner,screenshots/V234__trade-show-banner.jpg,success,200,23,1,2026-08-02T18:17:55.900Z,2026-08-02T18:18:04.103Z,8203,,,curify-326-local-v1.0.0,d8ae0f4ef77567b4dcf8f15635b11c140810c3b991a8134a99997e11ad6a1d9e,https://www.curify-ai.com/search?q=trade%20show%20banner,https://www.curify-ai.com/search?q=trade%20show%20banner,search_results,false,,automated,valid_product_response,
V235,235,展览传单,curify,https://www.curify-ai.com/search?q=%E5%B1%95%E8%A7%88%E4%BC%A0%E5%8D%95,screenshots/V235__query.jpg,success,200,15,1,2026-08-02T18:18:08.981Z,2026-08-02T18:18:17.560Z,8579,,,curify-326-local-v1.0.0,d8ae0f4ef77567b4dcf8f15635b11c140810c3b991a8134a99997e11ad6a1d9e,https://www.curify-ai.com/search?q=%E5%B1%95%E8%A7%88%E4%BC%A0%E5%8D%95,https://www.curify-ai.com/search?q=%E5%B1%95%E8%A7%88%E4%BC%A0%E5%8D%95,search_results,false,,automated,valid_product_response,
V236,236,exhibition flyer,curify,https://www.curify-ai.com/search?q=exhibition%20flyer,screenshots/V236__exhibition-flyer.jpg,success,200,12,1,2026-08-02T18:18:24.221Z,2026-08-02T18:18:31.111Z,6890,,,curify-326-local-v1.0.0,d8ae0f4ef77567b4dcf8f15635b11c140810c3b991a8134a99997e11ad6a1d9e,https://www.curify-ai.com/search?q=exhibition%20flyer,https://www.curify-ai.com/search?q=exhibition%20flyer,search_results,false,,automated,valid_product_response,
V237,237,新品发布海报,curify,https://www.curify-ai.com/search?q=%E6%96%B0%E5%93%81%E5%8F%91%E5%B8%83%E6%B5%B7%E6%8A%A5,screenshots/V237__query.jpg,success,200,5,1,2026-08-02T18:18:35.176Z,2026-08-02T18:18:41.560Z,6384,,,curify-326-local-v1.0.0,d8ae0f4ef77567b4dcf8f15635b11c140810c3b991a8134a99997e11ad6a1d9e,https://www.curify-ai.com/search?q=%E6%96%B0%E5%93%81%E5%8F%91%E5%B8%83%E6%B5%B7%E6%8A%A5,https://www.curify-ai.com/search?q=%E6%96%B0%E5%93%81%E5%8F%91%E5%B8%83%E6%B5%B7%E6%8A%A5,search_results,false,,automated,valid_product_response,
V238,238,product launch poster,curify,https://www.curify-ai.com/search?q=product%20launch%20poster,screenshots/V238__product-launch-poster.jpg,success,200,38,1,2026-08-02T18:18:46.440Z,2026-08-02T18:18:57.493Z,11053,,,curify-326-local-v1.0.0,d8ae0f4ef77567b4dcf8f15635b11c140810c3b991a8134a99997e11ad6a1d9e,https://www.curify-ai.com/search?q=product%20launch%20poster,https://www.curify-ai.com/search?q=product%20launch%20poster,search_results,false,,automated,valid_product_response,
V239,239,季节促销横幅,curify,https://www.curify-ai.com/search?q=%E5%AD%A3%E8%8A%82%E4%BF%83%E9%94%80%E6%A8%AA%E5%B9%85,screenshots/V239__query.jpg,success,200,5,1,2026-08-02T18:19:03.072Z,2026-08-02T18:19:09.326Z,6254,,,curify-326-local-v1.0.0,d8ae0f4ef77567b4dcf8f15635b11c140810c3b991a8134a99997e11ad6a1d9e,https://www.curify-ai.com/search?q=%E5%AD%A3%E8%8A%82%E4%BF%83%E9%94%80%E6%A8%AA%E5%B9%85,https://www.curify-ai.com/search?q=%E5%AD%A3%E8%8A%82%E4%BF%83%E9%94%80%E6%A8%AA%E5%B9%85,search_results,false,,automated,valid_product_response,
V240,240,seasonal sale banner,curify,https://www.curify-ai.com/search?q=seasonal%20sale%20banner,screenshots/V240__seasonal-sale-banner.jpg,success,200,32,1,2026-08-02T18:19:14.428Z,2026-08-02T18:19:24.238Z,9810,,,curify-326-local-v1.0.0,d8ae0f4ef77567b4dcf8f15635b11c140810c3b991a8134a99997e11ad6a1d9e,https://www.curify-ai.com/search?q=seasonal%20sale%20banner,https://www.curify-ai.com/search?q=seasonal%20sale%20banner,search_results,false,,automated,valid_product_response,
V241,241,黑五促销横幅,curify,https://www.curify-ai.com/search?q=%E9%BB%91%E4%BA%94%E4%BF%83%E9%94%80%E6%A8%AA%E5%B9%85,screenshots/V241__query.jpg,success,200,24,1,2026-08-02T18:19:29.953Z,2026-08-02T18:19:48.613Z,18660,,,curify-326-local-v1.0.0,d8ae0f4ef77567b4dcf8f15635b11c140810c3b991a8134a99997e11ad6a1d9e,https://www.curify-ai.com/search?q=%E9%BB%91%E4%BA%94%E4%BF%83%E9%94%80%E6%A8%AA%E5%B9%85,https://www.curify-ai.com/search?q=%E9%BB%91%E4%BA%94%E4%BF%83%E9%94%80%E6%A8%AA%E5%B9%85,search_results,false,,automated,valid_product_response,
V242,242,black friday banner,curify,https://www.curify-ai.com/search?q=black%20friday%20banner,screenshots/V242__black-friday-banner.jpg,success,200,20,1,2026-08-02T18:19:52.683Z,2026-08-02T18:20:00.190Z,7507,,,curify-326-local-v1.0.0,d8ae0f4ef77567b4dcf8f15635b11c140810c3b991a8134a99997e11ad6a1d9e,https://www.curify-ai.com/search?q=black%20friday%20banner,https://www.curify-ai.com/search?q=black%20friday%20banner,search_results,false,,automated,valid_product_response,
V243,243,双十一促销海报,curify,https://www.curify-ai.com/search?q=%E5%8F%8C%E5%8D%81%E4%B8%80%E4%BF%83%E9%94%80%E6%B5%B7%E6%8A%A5,screenshots/V243__query.jpg,success,200,23,1,2026-08-02T18:20:05.056Z,2026-08-02T18:20:14.876Z,9820,,,curify-326-local-v1.0.0,d8ae0f4ef77567b4dcf8f15635b11c140810c3b991a8134a99997e11ad6a1d9e,https://www.curify-ai.com/search?q=%E5%8F%8C%E5%8D%81%E4%B8%80%E4%BF%83%E9%94%80%E6%B5%B7%E6%8A%A5,https://www.curify-ai.com/search?q=%E5%8F%8C%E5%8D%81%E4%B8%80%E4%BF%83%E9%94%80%E6%B5%B7%E6%8A%A5,search_results,false,,automated,valid_product_response,
V244,244,singles day sale poster,curify,https://www.curify-ai.com/search?q=singles%20day%20sale%20poster,screenshots/V244__singles-day-sale-poster.jpg,success,200,27,1,2026-08-02T18:20:18.762Z,2026-08-02T18:20:28.544Z,9782,,,curify-326-local-v1.0.0,d8ae0f4ef77567b4dcf8f15635b11c140810c3b991a8134a99997e11ad6a1d9e,https://www.curify-ai.com/search?q=singles%20day%20sale%20poster,https://www.curify-ai.com/search?q=singles%20day%20sale%20poster,search_results,false,,automated,valid_product_response,
V245,245,直播预告横幅,curify,https://www.curify-ai.com/search?q=%E7%9B%B4%E6%92%AD%E9%A2%84%E5%91%8A%E6%A8%AA%E5%B9%85,screenshots/V245__query.jpg,success,200,25,1,2026-08-02T18:20:34.663Z,2026-08-02T18:20:42.677Z,8014,,,curify-326-local-v1.0.0,d8ae0f4ef77567b4dcf8f15635b11c140810c3b991a8134a99997e11ad6a1d9e,https://www.curify-ai.com/search?q=%E7%9B%B4%E6%92%AD%E9%A2%84%E5%91%8A%E6%A8%AA%E5%B9%85,https://www.curify-ai.com/search?q=%E7%9B%B4%E6%92%AD%E9%A2%84%E5%91%8A%E6%A8%AA%E5%B9%85,search_results,false,,automated,valid_product_response,
V246,246,livestream promo banner,curify,https://www.curify-ai.com/search?q=livestream%20promo%20banner,screenshots/V246__livestream-promo-banner.jpg,success,200,23,1,2026-08-02T18:20:47.721Z,2026-08-02T18:20:57.423Z,9702,,,curify-326-local-v1.0.0,d8ae0f4ef77567b4dcf8f15635b11c140810c3b991a8134a99997e11ad6a1d9e,https://www.curify-ai.com/search?q=livestream%20promo%20banner,https://www.curify-ai.com/search?q=livestream%20promo%20banner,search_results,false,,automated,valid_product_response,
V247,247,识字卡,curify,https://www.curify-ai.com/search?q=%E8%AF%86%E5%AD%97%E5%8D%A1,screenshots/V247__query.jpg,success,200,6,1,2026-08-02T18:21:04.256Z,2026-08-02T18:21:23.529Z,19273,,,curify-326-local-v1.0.0,d8ae0f4ef77567b4dcf8f15635b11c140810c3b991a8134a99997e11ad6a1d9e,https://www.curify-ai.com/search?q=%E8%AF%86%E5%AD%97%E5%8D%A1,https://www.curify-ai.com/search?q=%E8%AF%86%E5%AD%97%E5%8D%A1,search_results,false,,automated,valid_product_response,
V248,248,flashcard,curify,https://www.curify-ai.com/search?q=flashcard,screenshots/V248__flashcard.jpg,success,200,,3,2026-08-03T03:40:00Z,2026-08-03T03:40:00Z,37775,,,curify-326-topic-redirect-retry-v1.0.0,d8ae0f4ef77567b4dcf8f15635b11c140810c3b991a8134a99997e11ad6a1d9e,https://www.curify-ai.com/search?q=flashcard,https://www.curify-ai.com/topics/vocabulary,topic_redirect,true,https://www.curify-ai.com/topics/vocabulary,automated_retry,valid_product_response,stale_search_box_text
V249,249,练习册,curify,https://www.curify-ai.com/search?q=%E7%BB%83%E4%B9%A0%E5%86%8C,screenshots/V249__query.jpg,success,200,5,1,2026-08-02T18:22:00.535Z,2026-08-02T18:22:20.671Z,20136,,,curify-326-local-v1.0.0,d8ae0f4ef77567b4dcf8f15635b11c140810c3b991a8134a99997e11ad6a1d9e,https://www.curify-ai.com/search?q=%E7%BB%83%E4%B9%A0%E5%86%8C,https://www.curify-ai.com/search?q=%E7%BB%83%E4%B9%A0%E5%86%8C,search_results,false,,automated,valid_product_response,
V250,250,worksheet,curify,https://www.curify-ai.com/search?q=worksheet,screenshots/V250__worksheet.jpg,success,200,26,1,2026-08-02T18:22:27.636Z,2026-08-02T18:22:43.263Z,15626,,,curify-326-local-v1.0.0,d8ae0f4ef77567b4dcf8f15635b11c140810c3b991a8134a99997e11ad6a1d9e,https://www.curify-ai.com/search?q=worksheet,https://www.curify-ai.com/search?q=worksheet,search_results,false,,automated,valid_product_response,
V251,251,字母卡,curify,https://www.curify-ai.com/search?q=%E5%AD%97%E6%AF%8D%E5%8D%A1,screenshots/V251__query.jpg,success,200,14,1,2026-08-02T18:22:50.264Z,2026-08-02T18:23:02.472Z,12208,,,curify-326-local-v1.0.0,d8ae0f4ef77567b4dcf8f15635b11c140810c3b991a8134a99997e11ad6a1d9e,https://www.curify-ai.com/search?q=%E5%AD%97%E6%AF%8D%E5%8D%A1,https://www.curify-ai.com/search?q=%E5%AD%97%E6%AF%8D%E5%8D%A1,search_results,false,,automated,valid_product_response,
V252,252,alphabet card,curify,https://www.curify-ai.com/search?q=alphabet%20card,screenshots/V252__alphabet-card.jpg,success,200,38,1,2026-08-02T18:23:09.267Z,2026-08-02T18:23:21.823Z,12556,,,curify-326-local-v1.0.0,d8ae0f4ef77567b4dcf8f15635b11c140810c3b991a8134a99997e11ad6a1d9e,https://www.curify-ai.com/search?q=alphabet%20card,https://www.curify-ai.com/search?q=alphabet%20card,search_results,false,,automated,valid_product_response,
V253,253,地图,curify,https://www.curify-ai.com/search?q=%E5%9C%B0%E5%9B%BE,screenshots/V253__query.jpg,success,200,,3,2026-08-03T03:40:00Z,2026-08-03T03:40:00Z,38260,,,curify-326-topic-redirect-retry-v1.0.0,d8ae0f4ef77567b4dcf8f15635b11c140810c3b991a8134a99997e11ad6a1d9e,https://www.curify-ai.com/search?q=%E5%9C%B0%E5%9B%BE,https://www.curify-ai.com/topics/map,topic_redirect,true,https://www.curify-ai.com/topics/map,automated_retry,valid_product_response,stale_search_box_text
V254,254,map,curify,https://www.curify-ai.com/search?q=map,screenshots/V254__map.jpg,success,200,,3,2026-08-03T03:40:00Z,2026-08-03T03:40:00Z,27584,,,curify-326-topic-redirect-retry-v1.0.0,d8ae0f4ef77567b4dcf8f15635b11c140810c3b991a8134a99997e11ad6a1d9e,https://www.curify-ai.com/search?q=map,https://www.curify-ai.com/topics/map,topic_redirect,true,https://www.curify-ai.com/topics/map,automated_retry,valid_product_response,stale_search_box_text
V255,255,图解,curify,https://www.curify-ai.com/search?q=%E5%9B%BE%E8%A7%A3,screenshots/V255__query.jpg,success,200,37,1,2026-08-02T18:24:28.527Z,2026-08-02T18:24:43.606Z,15079,,,curify-326-local-v1.0.0,d8ae0f4ef77567b4dcf8f15635b11c140810c3b991a8134a99997e11ad6a1d9e,https://www.curify-ai.com/search?q=%E5%9B%BE%E8%A7%A3,https://www.curify-ai.com/search?q=%E5%9B%BE%E8%A7%A3,search_results,false,,automated,valid_product_response,
V256,256,diagram,curify,https://www.curify-ai.com/search?q=diagram,screenshots/V256__diagram.jpg,success,200,34,1,2026-08-02T18:24:47.184Z,2026-08-02T18:25:07.586Z,20402,,,curify-326-local-v1.0.0,d8ae0f4ef77567b4dcf8f15635b11c140810c3b991a8134a99997e11ad6a1d9e,https://www.curify-ai.com/search?q=diagram,https://www.curify-ai.com/search?q=diagram,search_results,false,,automated,valid_product_response,
V257,257,日历,curify,https://www.curify-ai.com/search?q=%E6%97%A5%E5%8E%86,screenshots/V257__query.jpg,success,200,15,1,2026-08-02T18:25:11.682Z,2026-08-02T18:25:21.066Z,9384,,,curify-326-local-v1.0.0,d8ae0f4ef77567b4dcf8f15635b11c140810c3b991a8134a99997e11ad6a1d9e,https://www.curify-ai.com/search?q=%E6%97%A5%E5%8E%86,https://www.curify-ai.com/search?q=%E6%97%A5%E5%8E%86,search_results,false,,automated,valid_product_response,
V258,258,calendar,curify,https://www.curify-ai.com/search?q=calendar,screenshots/V258__calendar.jpg,success,200,25,1,2026-08-02T18:25:28.026Z,2026-08-02T18:25:41.015Z,12989,,,curify-326-local-v1.0.0,d8ae0f4ef77567b4dcf8f15635b11c140810c3b991a8134a99997e11ad6a1d9e,https://www.curify-ai.com/search?q=calendar,https://www.curify-ai.com/search?q=calendar,search_results,false,,automated,valid_product_response,
V259,259,证书,curify,https://www.curify-ai.com/search?q=%E8%AF%81%E4%B9%A6,screenshots/V259__query.jpg,success,200,5,1,2026-08-02T18:25:46.458Z,2026-08-02T18:25:52.830Z,6372,,,curify-326-local-v1.0.0,d8ae0f4ef77567b4dcf8f15635b11c140810c3b991a8134a99997e11ad6a1d9e,https://www.curify-ai.com/search?q=%E8%AF%81%E4%B9%A6,https://www.curify-ai.com/search?q=%E8%AF%81%E4%B9%A6,search_results,false,,automated,valid_product_response,
V260,260,certificate,curify,https://www.curify-ai.com/search?q=certificate,screenshots/V260__certificate.jpg,success,200,5,1,2026-08-02T18:25:58.711Z,2026-08-02T18:26:03.961Z,5250,,,curify-326-local-v1.0.0,d8ae0f4ef77567b4dcf8f15635b11c140810c3b991a8134a99997e11ad6a1d9e,https://www.curify-ai.com/search?q=certificate,https://www.curify-ai.com/search?q=certificate,search_results,false,,automated,valid_product_response,
V261,261,科学海报,curify,https://www.curify-ai.com/search?q=%E7%A7%91%E5%AD%A6%E6%B5%B7%E6%8A%A5,screenshots/V261__query.jpg,success,200,34,1,2026-08-02T18:26:46.528Z,2026-08-02T18:27:02.243Z,15715,,,curify-326-local-v1.0.0,d8ae0f4ef77567b4dcf8f15635b11c140810c3b991a8134a99997e11ad6a1d9e,https://www.curify-ai.com/search?q=%E7%A7%91%E5%AD%A6%E6%B5%B7%E6%8A%A5,https://www.curify-ai.com/search?q=%E7%A7%91%E5%AD%A6%E6%B5%B7%E6%8A%A5,search_results,false,,automated,valid_product_response,
V262,262,science poster,curify,https://www.curify-ai.com/search?q=science%20poster,screenshots/V262__science-poster.jpg,success,200,38,1,2026-08-02T18:27:08.662Z,2026-08-02T18:27:18.902Z,10239,,,curify-326-local-v1.0.0,d8ae0f4ef77567b4dcf8f15635b11c140810c3b991a8134a99997e11ad6a1d9e,https://www.curify-ai.com/search?q=science%20poster,https://www.curify-ai.com/search?q=science%20poster,search_results,false,,automated,valid_product_response,
V263,263,课堂装饰海报,curify,https://www.curify-ai.com/search?q=%E8%AF%BE%E5%A0%82%E8%A3%85%E9%A5%B0%E6%B5%B7%E6%8A%A5,screenshots/V263__query.jpg,success,200,26,1,2026-08-02T18:27:21.994Z,2026-08-02T18:27:31.695Z,9701,,,curify-326-local-v1.0.0,d8ae0f4ef77567b4dcf8f15635b11c140810c3b991a8134a99997e11ad6a1d9e,https://www.curify-ai.com/search?q=%E8%AF%BE%E5%A0%82%E8%A3%85%E9%A5%B0%E6%B5%B7%E6%8A%A5,https://www.curify-ai.com/search?q=%E8%AF%BE%E5%A0%82%E8%A3%85%E9%A5%B0%E6%B5%B7%E6%8A%A5,search_results,false,,automated,valid_product_response,
V264,264,classroom poster,curify,https://www.curify-ai.com/search?q=classroom%20poster,screenshots/V264__classroom-poster.jpg,success,200,38,1,2026-08-02T18:27:37.454Z,2026-08-02T18:27:49.101Z,11647,,,curify-326-local-v1.0.0,d8ae0f4ef77567b4dcf8f15635b11c140810c3b991a8134a99997e11ad6a1d9e,https://www.curify-ai.com/search?q=classroom%20poster,https://www.curify-ai.com/search?q=classroom%20poster,search_results,false,,automated,valid_product_response,
V265,265,教科书,curify,https://www.curify-ai.com/search?q=%E6%95%99%E7%A7%91%E4%B9%A6,screenshots/V265__query.jpg,success,200,5,1,2026-08-02T18:27:55.494Z,2026-08-02T18:28:03.610Z,8116,,,curify-326-local-v1.0.0,d8ae0f4ef77567b4dcf8f15635b11c140810c3b991a8134a99997e11ad6a1d9e,https://www.curify-ai.com/search?q=%E6%95%99%E7%A7%91%E4%B9%A6,https://www.curify-ai.com/search?q=%E6%95%99%E7%A7%91%E4%B9%A6,search_results,false,,automated,valid_product_response,
V266,266,textbook,curify,https://www.curify-ai.com/search?q=textbook,screenshots/V266__textbook.jpg,success,200,9,1,2026-08-02T18:28:07.557Z,2026-08-02T18:28:15.467Z,7910,,,curify-326-local-v1.0.0,d8ae0f4ef77567b4dcf8f15635b11c140810c3b991a8134a99997e11ad6a1d9e,https://www.curify-ai.com/search?q=textbook,https://www.curify-ai.com/search?q=textbook,search_results,false,,automated,valid_product_response,
V267,267,地球仪,curify,https://www.curify-ai.com/search?q=%E5%9C%B0%E7%90%83%E4%BB%AA,screenshots/V267__query.jpg,success,200,10,1,2026-08-02T18:28:22.295Z,2026-08-02T18:28:30.032Z,7737,,,curify-326-local-v1.0.0,d8ae0f4ef77567b4dcf8f15635b11c140810c3b991a8134a99997e11ad6a1d9e,https://www.curify-ai.com/search?q=%E5%9C%B0%E7%90%83%E4%BB%AA,https://www.curify-ai.com/search?q=%E5%9C%B0%E7%90%83%E4%BB%AA,search_results,false,,automated,valid_product_response,
V268,268,globe,curify,https://www.curify-ai.com/search?q=globe,screenshots/V268__globe.jpg,success,200,24,1,2026-08-02T18:28:34.955Z,2026-08-02T18:28:44.186Z,9231,,,curify-326-local-v1.0.0,d8ae0f4ef77567b4dcf8f15635b11c140810c3b991a8134a99997e11ad6a1d9e,https://www.curify-ai.com/search?q=globe,https://www.curify-ai.com/search?q=globe,search_results,false,,automated,valid_product_response,
V269,269,图表,curify,https://www.curify-ai.com/search?q=%E5%9B%BE%E8%A1%A8,screenshots/V269__query.jpg,success,200,37,1,2026-08-02T18:28:48.286Z,2026-08-02T18:29:01.643Z,13357,,,curify-326-local-v1.0.0,d8ae0f4ef77567b4dcf8f15635b11c140810c3b991a8134a99997e11ad6a1d9e,https://www.curify-ai.com/search?q=%E5%9B%BE%E8%A1%A8,https://www.curify-ai.com/search?q=%E5%9B%BE%E8%A1%A8,search_results,false,,automated,valid_product_response,
V270,270,chart,curify,https://www.curify-ai.com/search?q=chart,screenshots/V270__chart.jpg,success,200,29,1,2026-08-02T18:29:08.099Z,2026-08-02T18:29:17.427Z,9328,,,curify-326-local-v1.0.0,d8ae0f4ef77567b4dcf8f15635b11c140810c3b991a8134a99997e11ad6a1d9e,https://www.curify-ai.com/search?q=chart,https://www.curify-ai.com/search?q=chart,search_results,false,,automated,valid_product_response,
V271,271,课程表,curify,https://www.curify-ai.com/search?q=%E8%AF%BE%E7%A8%8B%E8%A1%A8,screenshots/V271__query.jpg,success,200,26,1,2026-08-02T18:29:23.148Z,2026-08-02T18:29:31.545Z,8397,,,curify-326-local-v1.0.0,d8ae0f4ef77567b4dcf8f15635b11c140810c3b991a8134a99997e11ad6a1d9e,https://www.curify-ai.com/search?q=%E8%AF%BE%E7%A8%8B%E8%A1%A8,https://www.curify-ai.com/search?q=%E8%AF%BE%E7%A8%8B%E8%A1%A8,search_results,false,,automated,valid_product_response,
V272,272,timetable,curify,https://www.curify-ai.com/search?q=timetable,screenshots/V272__timetable.jpg,success,200,3,1,2026-08-02T18:29:37.599Z,2026-08-02T18:29:43.223Z,5624,,,curify-326-local-v1.0.0,d8ae0f4ef77567b4dcf8f15635b11c140810c3b991a8134a99997e11ad6a1d9e,https://www.curify-ai.com/search?q=timetable,https://www.curify-ai.com/search?q=timetable,search_results,false,,automated,valid_product_response,
V273,273,数字表,curify,https://www.curify-ai.com/search?q=%E6%95%B0%E5%AD%97%E8%A1%A8,screenshots/V273__query.jpg,success,200,2,1,2026-08-02T18:29:49.117Z,2026-08-02T18:30:04.484Z,15367,,,curify-326-local-v1.0.0,d8ae0f4ef77567b4dcf8f15635b11c140810c3b991a8134a99997e11ad6a1d9e,https://www.curify-ai.com/search?q=%E6%95%B0%E5%AD%97%E8%A1%A8,https://www.curify-ai.com/search?q=%E6%95%B0%E5%AD%97%E8%A1%A8,search_results,false,,automated,valid_product_response,
V274,274,number chart,curify,https://www.curify-ai.com/search?q=number%20chart,screenshots/V274__number-chart.jpg,success,200,18,1,2026-08-02T18:30:10.177Z,2026-08-02T18:30:17.701Z,7524,,,curify-326-local-v1.0.0,d8ae0f4ef77567b4dcf8f15635b11c140810c3b991a8134a99997e11ad6a1d9e,https://www.curify-ai.com/search?q=number%20chart,https://www.curify-ai.com/search?q=number%20chart,search_results,false,,automated,valid_product_response,
V275,275,元素周期表,curify,https://www.curify-ai.com/search?q=%E5%85%83%E7%B4%A0%E5%91%A8%E6%9C%9F%E8%A1%A8,screenshots/V275__query.jpg,success,200,7,1,2026-08-02T18:30:23.410Z,2026-08-02T18:30:29.053Z,5643,,,curify-326-local-v1.0.0,d8ae0f4ef77567b4dcf8f15635b11c140810c3b991a8134a99997e11ad6a1d9e,https://www.curify-ai.com/search?q=%E5%85%83%E7%B4%A0%E5%91%A8%E6%9C%9F%E8%A1%A8,https://www.curify-ai.com/search?q=%E5%85%83%E7%B4%A0%E5%91%A8%E6%9C%9F%E8%A1%A8,search_results,false,,automated,valid_product_response,
V276,276,periodic table,curify,https://www.curify-ai.com/search?q=periodic%20table,screenshots/V276__periodic-table.jpg,success,200,14,1,2026-08-02T18:30:32.917Z,2026-08-02T18:30:47.601Z,14684,,,curify-326-local-v1.0.0,d8ae0f4ef77567b4dcf8f15635b11c140810c3b991a8134a99997e11ad6a1d9e,https://www.curify-ai.com/search?q=periodic%20table,https://www.curify-ai.com/search?q=periodic%20table,search_results,false,,automated,valid_product_response,
V277,277,世界地图,curify,https://www.curify-ai.com/search?q=%E4%B8%96%E7%95%8C%E5%9C%B0%E5%9B%BE,screenshots/V277__query.jpg,success,200,27,1,2026-08-02T18:30:54.548Z,2026-08-02T18:31:06.596Z,12048,,,curify-326-local-v1.0.0,d8ae0f4ef77567b4dcf8f15635b11c140810c3b991a8134a99997e11ad6a1d9e,https://www.curify-ai.com/search?q=%E4%B8%96%E7%95%8C%E5%9C%B0%E5%9B%BE,https://www.curify-ai.com/search?q=%E4%B8%96%E7%95%8C%E5%9C%B0%E5%9B%BE,search_results,false,,automated,valid_product_response,
V278,278,world map,curify,https://www.curify-ai.com/search?q=world%20map,screenshots/V278__world-map.jpg,success,200,38,1,2026-08-02T18:31:13.110Z,2026-08-02T18:31:27.424Z,14314,,,curify-326-local-v1.0.0,d8ae0f4ef77567b4dcf8f15635b11c140810c3b991a8134a99997e11ad6a1d9e,https://www.curify-ai.com/search?q=world%20map,https://www.curify-ai.com/search?q=world%20map,search_results,false,,automated,valid_product_response,
V279,279,拼读卡,curify,https://www.curify-ai.com/search?q=%E6%8B%BC%E8%AF%BB%E5%8D%A1,screenshots/V279__query.jpg,success,200,22,1,2026-08-02T18:31:32.761Z,2026-08-02T18:31:41.774Z,9013,,,curify-326-local-v1.0.0,d8ae0f4ef77567b4dcf8f15635b11c140810c3b991a8134a99997e11ad6a1d9e,https://www.curify-ai.com/search?q=%E6%8B%BC%E8%AF%BB%E5%8D%A1,https://www.curify-ai.com/search?q=%E6%8B%BC%E8%AF%BB%E5%8D%A1,search_results,false,,automated,valid_product_response,
V280,280,phonics card,curify,https://www.curify-ai.com/search?q=phonics%20card,screenshots/V280__phonics-card.jpg,success,200,38,1,2026-08-02T18:31:46.177Z,2026-08-02T18:31:56.116Z,9939,,,curify-326-local-v1.0.0,d8ae0f4ef77567b4dcf8f15635b11c140810c3b991a8134a99997e11ad6a1d9e,https://www.curify-ai.com/search?q=phonics%20card,https://www.curify-ai.com/search?q=phonics%20card,search_results,false,,automated,valid_product_response,
V281,281,试卷,curify,https://www.curify-ai.com/search?q=%E8%AF%95%E5%8D%B7,screenshots/V281__query.jpg,success,200,8,1,2026-08-02T18:32:00.425Z,2026-08-02T18:32:11.135Z,10710,,,curify-326-local-v1.0.0,d8ae0f4ef77567b4dcf8f15635b11c140810c3b991a8134a99997e11ad6a1d9e,https://www.curify-ai.com/search?q=%E8%AF%95%E5%8D%B7,https://www.curify-ai.com/search?q=%E8%AF%95%E5%8D%B7,search_results,false,,automated,valid_product_response,
V282,282,exam paper,curify,https://www.curify-ai.com/search?q=exam%20paper,screenshots/V282__exam-paper.jpg,success,200,36,1,2026-08-02T18:32:18.089Z,2026-08-02T18:32:31.540Z,13451,,,curify-326-local-v1.0.0,d8ae0f4ef77567b4dcf8f15635b11c140810c3b991a8134a99997e11ad6a1d9e,https://www.curify-ai.com/search?q=exam%20paper,https://www.curify-ai.com/search?q=exam%20paper,search_results,false,,automated,valid_product_response,
V283,283,成绩单,curify,https://www.curify-ai.com/search?q=%E6%88%90%E7%BB%A9%E5%8D%95,screenshots/V283__query.jpg,success,200,7,1,2026-08-02T18:32:38.023Z,2026-08-02T18:32:44.613Z,6590,,,curify-326-local-v1.0.0,d8ae0f4ef77567b4dcf8f15635b11c140810c3b991a8134a99997e11ad6a1d9e,https://www.curify-ai.com/search?q=%E6%88%90%E7%BB%A9%E5%8D%95,https://www.curify-ai.com/search?q=%E6%88%90%E7%BB%A9%E5%8D%95,search_results,false,,automated,valid_product_response,
V284,284,report card,curify,https://www.curify-ai.com/search?q=report%20card,screenshots/V284__report-card.jpg,success,200,37,1,2026-08-02T18:32:50.108Z,2026-08-02T18:33:00.419Z,10311,,,curify-326-local-v1.0.0,d8ae0f4ef77567b4dcf8f15635b11c140810c3b991a8134a99997e11ad6a1d9e,https://www.curify-ai.com/search?q=report%20card,https://www.curify-ai.com/search?q=report%20card,search_results,false,,automated,valid_product_response,
V285,285,笔袋,curify,https://www.curify-ai.com/search?q=%E7%AC%94%E8%A2%8B,screenshots/V285__query.jpg,success,200,10,1,2026-08-02T18:33:04.622Z,2026-08-02T18:33:13.669Z,9047,,,curify-326-local-v1.0.0,d8ae0f4ef77567b4dcf8f15635b11c140810c3b991a8134a99997e11ad6a1d9e,https://www.curify-ai.com/search?q=%E7%AC%94%E8%A2%8B,https://www.curify-ai.com/search?q=%E7%AC%94%E8%A2%8B,search_results,false,,automated,valid_product_response,
V286,286,pencil case,curify,https://www.curify-ai.com/search?q=pencil%20case,screenshots/V286__pencil-case.jpg,success,200,9,1,2026-08-02T18:33:20.559Z,2026-08-02T18:33:37.469Z,16910,,,curify-326-local-v1.0.0,d8ae0f4ef77567b4dcf8f15635b11c140810c3b991a8134a99997e11ad6a1d9e,https://www.curify-ai.com/search?q=pencil%20case,https://www.curify-ai.com/search?q=pencil%20case,search_results,false,,automated,valid_product_response,
V287,287,黑板,curify,https://www.curify-ai.com/search?q=%E9%BB%91%E6%9D%BF,screenshots/V287__query.jpg,success,200,15,1,2026-08-02T18:33:42.292Z,2026-08-02T18:33:51.766Z,9474,,,curify-326-local-v1.0.0,d8ae0f4ef77567b4dcf8f15635b11c140810c3b991a8134a99997e11ad6a1d9e,https://www.curify-ai.com/search?q=%E9%BB%91%E6%9D%BF,https://www.curify-ai.com/search?q=%E9%BB%91%E6%9D%BF,search_results,false,,automated,valid_product_response,
V288,288,chalkboard,curify,https://www.curify-ai.com/search?q=chalkboard,screenshots/V288__chalkboard.jpg,success,200,9,1,2026-08-02T18:33:55.622Z,2026-08-02T18:34:03.469Z,7847,,,curify-326-local-v1.0.0,d8ae0f4ef77567b4dcf8f15635b11c140810c3b991a8134a99997e11ad6a1d9e,https://www.curify-ai.com/search?q=chalkboard,https://www.curify-ai.com/search?q=chalkboard,search_results,false,,automated,valid_product_response,
V289,289,白板,curify,https://www.curify-ai.com/search?q=%E7%99%BD%E6%9D%BF,screenshots/V289__query.jpg,success,200,5,1,2026-08-02T18:34:09.083Z,2026-08-02T18:34:17.429Z,8346,,,curify-326-local-v1.0.0,d8ae0f4ef77567b4dcf8f15635b11c140810c3b991a8134a99997e11ad6a1d9e,https://www.curify-ai.com/search?q=%E7%99%BD%E6%9D%BF,https://www.curify-ai.com/search?q=%E7%99%BD%E6%9D%BF,search_results,false,,automated,valid_product_response,
V290,290,whiteboard,curify,https://www.curify-ai.com/search?q=whiteboard,screenshots/V290__whiteboard.jpg,success,200,5,1,2026-08-02T18:34:21.259Z,2026-08-02T18:34:28.221Z,6961,,,curify-326-local-v1.0.0,d8ae0f4ef77567b4dcf8f15635b11c140810c3b991a8134a99997e11ad6a1d9e,https://www.curify-ai.com/search?q=whiteboard,https://www.curify-ai.com/search?q=whiteboard,search_results,false,,automated,valid_product_response,
V291,291,显微镜,curify,https://www.curify-ai.com/search?q=%E6%98%BE%E5%BE%AE%E9%95%9C,screenshots/V291__query.jpg,success,200,5,1,2026-08-02T18:34:33.254Z,2026-08-02T18:34:51.720Z,18466,,,curify-326-local-v1.0.0,d8ae0f4ef77567b4dcf8f15635b11c140810c3b991a8134a99997e11ad6a1d9e,https://www.curify-ai.com/search?q=%E6%98%BE%E5%BE%AE%E9%95%9C,https://www.curify-ai.com/search?q=%E6%98%BE%E5%BE%AE%E9%95%9C,search_results,false,,automated,valid_product_response,
V292,292,microscope,curify,https://www.curify-ai.com/search?q=microscope,screenshots/V292__microscope.jpg,success,200,5,1,2026-08-02T18:34:58.455Z,2026-08-02T18:35:05.297Z,6842,,,curify-326-local-v1.0.0,d8ae0f4ef77567b4dcf8f15635b11c140810c3b991a8134a99997e11ad6a1d9e,https://www.curify-ai.com/search?q=microscope,https://www.curify-ai.com/search?q=microscope,search_results,false,,automated,valid_product_response,
V293,293,书签,curify,https://www.curify-ai.com/search?q=%E4%B9%A6%E7%AD%BE,screenshots/V293__query.jpg,success,200,9,1,2026-08-02T18:35:09.172Z,2026-08-02T18:35:17.009Z,7837,,,curify-326-local-v1.0.0,d8ae0f4ef77567b4dcf8f15635b11c140810c3b991a8134a99997e11ad6a1d9e,https://www.curify-ai.com/search?q=%E4%B9%A6%E7%AD%BE,https://www.curify-ai.com/search?q=%E4%B9%A6%E7%AD%BE,search_results,false,,automated,valid_product_response,
V294,294,bookmark,curify,https://www.curify-ai.com/search?q=bookmark,screenshots/V294__bookmark.jpg,success,200,24,1,2026-08-02T18:35:21.671Z,2026-08-02T18:35:30.871Z,9200,,,curify-326-local-v1.0.0,d8ae0f4ef77567b4dcf8f15635b11c140810c3b991a8134a99997e11ad6a1d9e,https://www.curify-ai.com/search?q=bookmark,https://www.curify-ai.com/search?q=bookmark,search_results,false,,automated,valid_product_response,
V295,295,算盘,curify,https://www.curify-ai.com/search?q=%E7%AE%97%E7%9B%98,screenshots/V295__query.jpg,success,200,5,1,2026-08-02T18:35:35.722Z,2026-08-02T18:35:44.079Z,8357,,,curify-326-local-v1.0.0,d8ae0f4ef77567b4dcf8f15635b11c140810c3b991a8134a99997e11ad6a1d9e,https://www.curify-ai.com/search?q=%E7%AE%97%E7%9B%98,https://www.curify-ai.com/search?q=%E7%AE%97%E7%9B%98,search_results,false,,automated,valid_product_response,
V296,296,abacus,curify,https://www.curify-ai.com/search?q=abacus,screenshots/V296__abacus.jpg,success,200,7,1,2026-08-02T18:35:50.420Z,2026-08-02T18:35:57.376Z,6956,,,curify-326-local-v1.0.0,d8ae0f4ef77567b4dcf8f15635b11c140810c3b991a8134a99997e11ad6a1d9e,https://www.curify-ai.com/search?q=abacus,https://www.curify-ai.com/search?q=abacus,search_results,false,,automated,valid_product_response,
V297,297,练习本,curify,https://www.curify-ai.com/search?q=%E7%BB%83%E4%B9%A0%E6%9C%AC,screenshots/V297__query.jpg,success,200,14,1,2026-08-02T18:36:01.130Z,2026-08-02T18:36:09.963Z,8833,,,curify-326-local-v1.0.0,d8ae0f4ef77567b4dcf8f15635b11c140810c3b991a8134a99997e11ad6a1d9e,https://www.curify-ai.com/search?q=%E7%BB%83%E4%B9%A0%E6%9C%AC,https://www.curify-ai.com/search?q=%E7%BB%83%E4%B9%A0%E6%9C%AC,search_results,false,,automated,valid_product_response,
V298,298,workbook,curify,https://www.curify-ai.com/search?q=workbook,screenshots/V298__workbook.jpg,success,200,5,1,2026-08-02T18:36:14.828Z,2026-08-02T18:36:21.441Z,6613,,,curify-326-local-v1.0.0,d8ae0f4ef77567b4dcf8f15635b11c140810c3b991a8134a99997e11ad6a1d9e,https://www.curify-ai.com/search?q=workbook,https://www.curify-ai.com/search?q=workbook,search_results,false,,automated,valid_product_response,
V299,299,单词卡,curify,https://www.curify-ai.com/search?q=%E5%8D%95%E8%AF%8D%E5%8D%A1,screenshots/V299__query.jpg,success,200,37,1,2026-08-02T18:36:26.573Z,2026-08-02T18:36:39.584Z,13011,,,curify-326-local-v1.0.0,d8ae0f4ef77567b4dcf8f15635b11c140810c3b991a8134a99997e11ad6a1d9e,https://www.curify-ai.com/search?q=%E5%8D%95%E8%AF%8D%E5%8D%A1,https://www.curify-ai.com/search?q=%E5%8D%95%E8%AF%8D%E5%8D%A1,search_results,false,,automated,valid_product_response,
V300,300,vocabulary card,curify,https://www.curify-ai.com/search?q=vocabulary%20card,screenshots/V300__vocabulary-card.jpg,success,200,,3,2026-08-03T03:40:00Z,2026-08-03T03:40:00Z,26068,,,curify-326-topic-redirect-retry-v1.0.0,d8ae0f4ef77567b4dcf8f15635b11c140810c3b991a8134a99997e11ad6a1d9e,https://www.curify-ai.com/search?q=vocabulary%20card,https://www.curify-ai.com/topics/vocabulary,topic_redirect,true,https://www.curify-ai.com/topics/vocabulary,automated_retry,valid_product_response,stale_search_box_text
V301,301,拼写卡,curify,https://www.curify-ai.com/search?q=%E6%8B%BC%E5%86%99%E5%8D%A1,screenshots/V301__query.jpg,success,200,22,1,2026-08-02T18:37:16.221Z,2026-08-02T18:37:34.133Z,17912,,,curify-326-local-v1.0.0,d8ae0f4ef77567b4dcf8f15635b11c140810c3b991a8134a99997e11ad6a1d9e,https://www.curify-ai.com/search?q=%E6%8B%BC%E5%86%99%E5%8D%A1,https://www.curify-ai.com/search?q=%E6%8B%BC%E5%86%99%E5%8D%A1,search_results,false,,automated,valid_product_response,
V302,302,spelling card,curify,https://www.curify-ai.com/search?q=spelling%20card,screenshots/V302__spelling-card.jpg,success,200,38,1,2026-08-02T18:37:37.463Z,2026-08-02T18:37:54.163Z,16700,,,curify-326-local-v1.0.0,d8ae0f4ef77567b4dcf8f15635b11c140810c3b991a8134a99997e11ad6a1d9e,https://www.curify-ai.com/search?q=spelling%20card,https://www.curify-ai.com/search?q=spelling%20card,search_results,false,,automated,valid_product_response,
V303,303,数学练习册,curify,https://www.curify-ai.com/search?q=%E6%95%B0%E5%AD%A6%E7%BB%83%E4%B9%A0%E5%86%8C,screenshots/V303__query.jpg,success,200,4,1,2026-08-02T18:37:58.860Z,2026-08-02T18:38:11.912Z,13052,,,curify-326-local-v1.0.0,d8ae0f4ef77567b4dcf8f15635b11c140810c3b991a8134a99997e11ad6a1d9e,https://www.curify-ai.com/search?q=%E6%95%B0%E5%AD%A6%E7%BB%83%E4%B9%A0%E5%86%8C,https://www.curify-ai.com/search?q=%E6%95%B0%E5%AD%A6%E7%BB%83%E4%B9%A0%E5%86%8C,search_results,false,,automated,valid_product_response,
V304,304,math worksheet,curify,https://www.curify-ai.com/search?q=math%20worksheet,screenshots/V304__math-worksheet.jpg,success,200,20,1,2026-08-02T18:38:17.497Z,2026-08-02T18:38:33.410Z,15913,,,curify-326-local-v1.0.0,d8ae0f4ef77567b4dcf8f15635b11c140810c3b991a8134a99997e11ad6a1d9e,https://www.curify-ai.com/search?q=math%20worksheet,https://www.curify-ai.com/search?q=math%20worksheet,search_results,false,,automated,valid_product_response,
V305,305,阅读练习册,curify,https://www.curify-ai.com/search?q=%E9%98%85%E8%AF%BB%E7%BB%83%E4%B9%A0%E5%86%8C,screenshots/V305__query.jpg,success,200,7,1,2026-08-02T18:38:39.068Z,2026-08-02T18:38:48.644Z,9576,,,curify-326-local-v1.0.0,d8ae0f4ef77567b4dcf8f15635b11c140810c3b991a8134a99997e11ad6a1d9e,https://www.curify-ai.com/search?q=%E9%98%85%E8%AF%BB%E7%BB%83%E4%B9%A0%E5%86%8C,https://www.curify-ai.com/search?q=%E9%98%85%E8%AF%BB%E7%BB%83%E4%B9%A0%E5%86%8C,search_results,false,,automated,valid_product_response,
V306,306,reading worksheet,curify,https://www.curify-ai.com/search?q=reading%20worksheet,screenshots/V306__reading-worksheet.jpg,success,200,36,1,2026-08-02T18:38:55.290Z,2026-08-02T18:39:11.737Z,16447,,,curify-326-local-v1.0.0,d8ae0f4ef77567b4dcf8f15635b11c140810c3b991a8134a99997e11ad6a1d9e,https://www.curify-ai.com/search?q=reading%20worksheet,https://www.curify-ai.com/search?q=reading%20worksheet,search_results,false,,automated,valid_product_response,
V307,307,科学图解,curify,https://www.curify-ai.com/search?q=%E7%A7%91%E5%AD%A6%E5%9B%BE%E8%A7%A3,screenshots/V307__query.jpg,success,200,18,1,2026-08-02T18:39:16.859Z,2026-08-02T18:39:27.613Z,10754,,,curify-326-local-v1.0.0,d8ae0f4ef77567b4dcf8f15635b11c140810c3b991a8134a99997e11ad6a1d9e,https://www.curify-ai.com/search?q=%E7%A7%91%E5%AD%A6%E5%9B%BE%E8%A7%A3,https://www.curify-ai.com/search?q=%E7%A7%91%E5%AD%A6%E5%9B%BE%E8%A7%A3,search_results,false,,automated,valid_product_response,
V308,308,science diagram,curify,https://www.curify-ai.com/search?q=science%20diagram,screenshots/V308__science-diagram.jpg,success,200,39,1,2026-08-02T18:39:31.655Z,2026-08-02T18:39:46.461Z,14806,,,curify-326-local-v1.0.0,d8ae0f4ef77567b4dcf8f15635b11c140810c3b991a8134a99997e11ad6a1d9e,https://www.curify-ai.com/search?q=science%20diagram,https://www.curify-ai.com/search?q=science%20diagram,search_results,false,,automated,valid_product_response,
V309,309,人体图解,curify,https://www.curify-ai.com/search?q=%E4%BA%BA%E4%BD%93%E5%9B%BE%E8%A7%A3,screenshots/V309__query.jpg,success,200,29,1,2026-08-02T18:39:51.707Z,2026-08-02T18:40:04.680Z,12973,,,curify-326-local-v1.0.0,d8ae0f4ef77567b4dcf8f15635b11c140810c3b991a8134a99997e11ad6a1d9e,https://www.curify-ai.com/search?q=%E4%BA%BA%E4%BD%93%E5%9B%BE%E8%A7%A3,https://www.curify-ai.com/search?q=%E4%BA%BA%E4%BD%93%E5%9B%BE%E8%A7%A3,search_results,false,,automated,valid_product_response,
V310,310,anatomy chart,curify,https://www.curify-ai.com/search?q=anatomy%20chart,screenshots/V310__anatomy-chart.jpg,success,200,36,1,2026-08-02T18:40:11.558Z,2026-08-02T18:40:23.989Z,12431,,,curify-326-local-v1.0.0,d8ae0f4ef77567b4dcf8f15635b11c140810c3b991a8134a99997e11ad6a1d9e,https://www.curify-ai.com/search?q=anatomy%20chart,https://www.curify-ai.com/search?q=anatomy%20chart,search_results,false,,automated,valid_product_response,
V311,311,动物识字卡,curify,https://www.curify-ai.com/search?q=%E5%8A%A8%E7%89%A9%E8%AF%86%E5%AD%97%E5%8D%A1,screenshots/V311__query.jpg,success,200,23,1,2026-08-02T18:41:37.330Z,2026-08-02T18:41:55.414Z,18084,,,curify-326-local-v1.0.0,d8ae0f4ef77567b4dcf8f15635b11c140810c3b991a8134a99997e11ad6a1d9e,https://www.curify-ai.com/search?q=%E5%8A%A8%E7%89%A9%E8%AF%86%E5%AD%97%E5%8D%A1,https://www.curify-ai.com/search?q=%E5%8A%A8%E7%89%A9%E8%AF%86%E5%AD%97%E5%8D%A1,search_results,false,,automated,valid_product_response,
V312,312,animal flashcard,curify,https://www.curify-ai.com/search?q=animal%20flashcard,screenshots/V312__animal-flashcard.jpg,success,200,35,1,2026-08-02T18:41:58.991Z,2026-08-02T18:42:12.460Z,13469,,,curify-326-local-v1.0.0,d8ae0f4ef77567b4dcf8f15635b11c140810c3b991a8134a99997e11ad6a1d9e,https://www.curify-ai.com/search?q=animal%20flashcard,https://www.curify-ai.com/search?q=animal%20flashcard,search_results,false,,automated,valid_product_response,
V313,313,字母海报,curify,https://www.curify-ai.com/search?q=%E5%AD%97%E6%AF%8D%E6%B5%B7%E6%8A%A5,screenshots/V313__query.jpg,success,200,10,1,2026-08-02T18:42:18.486Z,2026-08-02T18:42:26.059Z,7573,,,curify-326-local-v1.0.0,d8ae0f4ef77567b4dcf8f15635b11c140810c3b991a8134a99997e11ad6a1d9e,https://www.curify-ai.com/search?q=%E5%AD%97%E6%AF%8D%E6%B5%B7%E6%8A%A5,https://www.curify-ai.com/search?q=%E5%AD%97%E6%AF%8D%E6%B5%B7%E6%8A%A5,search_results,false,,automated,valid_product_response,
V314,314,alphabet poster,curify,https://www.curify-ai.com/search?q=alphabet%20poster,screenshots/V314__alphabet-poster.jpg,success,200,37,1,2026-08-02T18:42:31.374Z,2026-08-02T18:42:48.040Z,16666,,,curify-326-local-v1.0.0,d8ae0f4ef77567b4dcf8f15635b11c140810c3b991a8134a99997e11ad6a1d9e,https://www.curify-ai.com/search?q=alphabet%20poster,https://www.curify-ai.com/search?q=alphabet%20poster,search_results,false,,automated,valid_product_response,
V315,315,荣誉证书,curify,https://www.curify-ai.com/search?q=%E8%8D%A3%E8%AA%89%E8%AF%81%E4%B9%A6,screenshots/V315__query.jpg,success,200,23,1,2026-08-02T18:42:52.763Z,2026-08-02T18:43:05.932Z,13169,,,curify-326-local-v1.0.0,d8ae0f4ef77567b4dcf8f15635b11c140810c3b991a8134a99997e11ad6a1d9e,https://www.curify-ai.com/search?q=%E8%8D%A3%E8%AA%89%E8%AF%81%E4%B9%A6,https://www.curify-ai.com/search?q=%E8%8D%A3%E8%AA%89%E8%AF%81%E4%B9%A6,search_results,false,,automated,valid_product_response,
V316,316,achievement certificate,curify,https://www.curify-ai.com/search?q=achievement%20certificate,screenshots/V316__achievement-certificate.jpg,success,200,5,1,2026-08-02T18:43:11.763Z,2026-08-02T18:43:18.483Z,6720,,,curify-326-local-v1.0.0,d8ae0f4ef77567b4dcf8f15635b11c140810c3b991a8134a99997e11ad6a1d9e,https://www.curify-ai.com/search?q=achievement%20certificate,https://www.curify-ai.com/search?q=achievement%20certificate,search_results,false,,automated,valid_product_response,
V317,317,毕业证,curify,https://www.curify-ai.com/search?q=%E6%AF%95%E4%B8%9A%E8%AF%81,screenshots/V317__query.jpg,success,200,7,1,2026-08-02T18:43:23.777Z,2026-08-02T18:43:32.195Z,8418,,,curify-326-local-v1.0.0,d8ae0f4ef77567b4dcf8f15635b11c140810c3b991a8134a99997e11ad6a1d9e,https://www.curify-ai.com/search?q=%E6%AF%95%E4%B8%9A%E8%AF%81,https://www.curify-ai.com/search?q=%E6%AF%95%E4%B8%9A%E8%AF%81,search_results,false,,automated,valid_product_response,
V318,318,diploma,curify,https://www.curify-ai.com/search?q=diploma,screenshots/V318__diploma.jpg,success,200,24,1,2026-08-02T18:43:36.682Z,2026-08-02T18:43:52.413Z,15731,,,curify-326-local-v1.0.0,d8ae0f4ef77567b4dcf8f15635b11c140810c3b991a8134a99997e11ad6a1d9e,https://www.curify-ai.com/search?q=diploma,https://www.curify-ai.com/search?q=diploma,search_results,false,,automated,valid_product_response,
V319,319,校历,curify,https://www.curify-ai.com/search?q=%E6%A0%A1%E5%8E%86,screenshots/V319__query.jpg,success,200,6,1,2026-08-02T18:43:57.278Z,2026-08-02T18:44:09.452Z,12174,,,curify-326-local-v1.0.0,d8ae0f4ef77567b4dcf8f15635b11c140810c3b991a8134a99997e11ad6a1d9e,https://www.curify-ai.com/search?q=%E6%A0%A1%E5%8E%86,https://www.curify-ai.com/search?q=%E6%A0%A1%E5%8E%86,search_results,false,,automated,valid_product_response,
V320,320,school calendar,curify,https://www.curify-ai.com/search?q=school%20calendar,screenshots/V320__school-calendar.jpg,success,200,38,1,2026-08-02T18:44:15.421Z,2026-08-02T18:44:35.965Z,20544,,,curify-326-local-v1.0.0,d8ae0f4ef77567b4dcf8f15635b11c140810c3b991a8134a99997e11ad6a1d9e,https://www.curify-ai.com/search?q=school%20calendar,https://www.curify-ai.com/search?q=school%20calendar,search_results,false,,automated,valid_product_response,
V321,321,教室装饰,curify,https://www.curify-ai.com/search?q=%E6%95%99%E5%AE%A4%E8%A3%85%E9%A5%B0,screenshots/V321__query.jpg,success,200,7,1,2026-08-02T18:44:42.840Z,2026-08-02T18:44:50.501Z,7661,,,curify-326-local-v1.0.0,d8ae0f4ef77567b4dcf8f15635b11c140810c3b991a8134a99997e11ad6a1d9e,https://www.curify-ai.com/search?q=%E6%95%99%E5%AE%A4%E8%A3%85%E9%A5%B0,https://www.curify-ai.com/search?q=%E6%95%99%E5%AE%A4%E8%A3%85%E9%A5%B0,search_results,false,,automated,valid_product_response,
V322,322,classroom decoration,curify,https://www.curify-ai.com/search?q=classroom%20decoration,screenshots/V322__classroom-decoration.jpg,success,200,37,1,2026-08-02T18:44:56.650Z,2026-08-02T18:45:12.367Z,15717,,,curify-326-local-v1.0.0,d8ae0f4ef77567b4dcf8f15635b11c140810c3b991a8134a99997e11ad6a1d9e,https://www.curify-ai.com/search?q=classroom%20decoration,https://www.curify-ai.com/search?q=classroom%20decoration,search_results,false,,automated,valid_product_response,
V323,323,学习图表,curify,https://www.curify-ai.com/search?q=%E5%AD%A6%E4%B9%A0%E5%9B%BE%E8%A1%A8,screenshots/V323__query.jpg,success,200,29,1,2026-08-02T18:45:17.515Z,2026-08-02T18:45:38.019Z,20504,,,curify-326-local-v1.0.0,d8ae0f4ef77567b4dcf8f15635b11c140810c3b991a8134a99997e11ad6a1d9e,https://www.curify-ai.com/search?q=%E5%AD%A6%E4%B9%A0%E5%9B%BE%E8%A1%A8,https://www.curify-ai.com/search?q=%E5%AD%A6%E4%B9%A0%E5%9B%BE%E8%A1%A8,search_results,false,,automated,valid_product_response,
V324,324,learning chart,curify,https://www.curify-ai.com/search?q=learning%20chart,screenshots/V324__learning-chart.jpg,success,200,37,1,2026-08-02T18:45:44.339Z,2026-08-02T18:45:57.901Z,13562,,,curify-326-local-v1.0.0,d8ae0f4ef77567b4dcf8f15635b11c140810c3b991a8134a99997e11ad6a1d9e,https://www.curify-ai.com/search?q=learning%20chart,https://www.curify-ai.com/search?q=learning%20chart,search_results,false,,automated,valid_product_response,
V325,325,贴纸奖励表,curify,https://www.curify-ai.com/search?q=%E8%B4%B4%E7%BA%B8%E5%A5%96%E5%8A%B1%E8%A1%A8,screenshots/V325__query.jpg,success,200,21,1,2026-08-02T18:46:04.474Z,2026-08-02T18:46:27.253Z,22779,,,curify-326-local-v1.0.0,d8ae0f4ef77567b4dcf8f15635b11c140810c3b991a8134a99997e11ad6a1d9e,https://www.curify-ai.com/search?q=%E8%B4%B4%E7%BA%B8%E5%A5%96%E5%8A%B1%E8%A1%A8,https://www.curify-ai.com/search?q=%E8%B4%B4%E7%BA%B8%E5%A5%96%E5%8A%B1%E8%A1%A8,search_results,false,,automated,valid_product_response,
V326,326,reward chart,curify,https://www.curify-ai.com/search?q=reward%20chart,screenshots/V326__reward-chart.jpg,success,200,20,1,2026-08-02T16:03:46.949Z,2026-08-02T16:04:10.764Z,23815,,,curify-326-local-v1.0.0,d8ae0f4ef77567b4dcf8f15635b11c140810c3b991a8134a99997e11ad6a1d9e,https://www.curify-ai.com/search?q=reward%20chart,https://www.curify-ai.com/search?q=reward%20chart,search_results,false,,automated,valid_product_response,
